model,dataset,seed,n_train,n_test,n_features,fit_time_sec,predict_time_sec,total_time_sec,tuning_time_sec,total_wall_time_sec,throughput_rows_per_sec,ms_per_test_row,peak_memory_mb,memory_delta_mb,gpu_memory_mb,error,roc_auc,avg_precision,f1_macro,brier_score,log_loss_val,sensitivity,specificity,ppv,ece_10,ece_15,max_calibration_error,pr_auc,optimal_threshold,optimal_tpr,optimal_fpr,precision_class_0,precision_class_1,recall_class_0,recall_class_1,f1_class_0,f1_class_1,balanced_accuracy,matthews_corrcoef,demographic_parity,tpr_overall,fpr_overall,f1_weighted,accuracy
TabPFN,banknote-auth,0,1097,275,4,6.249013100000411,2.823274700000184,9.072287800000597,0.0,9.072287800000597,97.40462021020394,10.266453454546124,97.48828125,9.39453125,,,1.0,1.0,1.0,1.6868621026891048e-10,1.2988004096877107e-05,1.0,1.0,1.0,1.2987919753042477e-05,1.2987919753042477e-05,1.299576681168535e-05,1.0,0.0,1.0,0.0,1.0,1.0,1.0,1.0,1.0,1.0,1.0,1.0,0.4436363636363636,1.0,0.0,,
XGBoost,banknote-auth,0,1097,275,4,9.2045135999997,0.0113572000000203,9.21587079999972,8.708597300000292,17.924468100000013,24213.71251591888,0.0412989090909832,104.140625,6.25,,,1.0,1.0,1.0,0.0011008766014128,0.0103865638375282,1.0,1.0,1.0,0.0096243447471748,0.0096243569627404,0.4751029014587402,1.0,0.0,1.0,0.0,1.0,1.0,1.0,1.0,1.0,1.0,1.0,1.0,0.4436363636363636,1.0,0.0,,
LightGBM,banknote-auth,0,1097,275,4,30.3321818000004,0.0095658999998704,30.34174770000027,29.94051010000021,60.28225780000048,28747.94543699796,0.0347850909086198,100.31640625,-4.06640625,,,1.0,1.0,0.9963198394111744,0.0026209882613866,0.0068801060586069,1.0,0.9934640522875816,0.991869918699187,0.0030932767531952,0.0030932767531952,0.8489826594119367,1.0,0.0,1.0,0.0,1.0,0.991869918699187,0.9934640522875816,1.0,0.99672131147541,0.9959183673469388,0.9967320261437908,0.9926666654889992,0.4472727272727272,1.0,0.0065359477124183,,
CatBoost,banknote-auth,0,1097,275,4,112.79771559999972,0.0035699000000022,112.80128549999972,111.43471969999972,224.23600519999945,77032.9485326982,0.0129814545454626,102.8359375,2.45703125,,,0.9996249866066644,0.9995217250416536,0.9963198394111744,0.0036471945944246,0.020255343066951,1.0,0.9934640522875816,0.991869918699187,0.0044513107370404,0.0050258020078363,0.0789925497344152,0.9995197143516766,0.0065359477124183,1.0,0.0065359477124183,1.0,0.991869918699187,0.9934640522875816,1.0,0.99672131147541,0.9959183673469388,0.9967320261437908,0.9926666654889992,0.4472727272727272,1.0,0.0065359477124183,,
MLP,banknote-auth,0,1097,275,4,11.450244900000143,0.0016961000001174,11.45194100000026,11.253331800000524,22.705272800000785,162136.5708651541,0.0061676363640634,103.45703125,0.71484375,,,1.0,1.0,0.981654191516898,0.0086451936513185,0.0303168352693319,1.0,0.9673202614379084,0.9606299212598424,0.023382899837399,0.0233829520456492,0.6361623406410217,1.0,0.0,1.0,0.0,1.0,0.9606299212598424,0.9673202614379084,1.0,0.9833887043189368,0.9799196787148594,0.9836601307189544,0.9639692871550152,0.4618181818181818,1.0,0.0326797385620915,,
TabPFN,credit-g,0,800,200,20,7.511386899999707,2.6273816000002626,10.13876849999997,0.0,10.13876849999997,76.12141301585525,13.136908000001313,482.75390625,3.76953125,,,0.7794047619047619,0.8897027894015426,0.6932891669733775,0.1686294828563659,0.5053392471294029,0.8428571428571429,0.5333333333333333,0.8082191780821918,0.0367012662440538,0.0519766718894243,0.1825232257445653,0.8890901024426634,0.2666666666666666,0.6928571428571428,0.2666666666666666,0.5925925925925926,0.8082191780821918,0.5333333333333333,0.8428571428571429,0.5614035087719298,0.8251748251748252,0.6880952380952381,0.3883060273455655,0.73,0.8428571428571429,0.4666666666666667,,
XGBoost,credit-g,0,800,200,20,34.77224859999933,0.0068772000004173,34.77912579999975,34.33720530000028,69.11633110000002,29081.598747493703,0.0343860000020868,155.46484375,-327.328125,,,0.7751190476190476,0.8828680089763065,0.6665645946037904,0.1677522510290146,0.5054958462715149,0.9071428571428573,0.4,0.7791411042944786,0.041743808016181,0.0535919292271137,0.3585198620955149,0.8820577217073942,0.1666666666666666,0.5857142857142857,0.1666666666666666,0.6486486486486487,0.7791411042944786,0.4,0.9071428571428573,0.4948453608247423,0.8382838283828383,0.6535714285714286,0.3624811263712761,0.815,0.9071428571428573,0.6,,
LightGBM,credit-g,0,800,200,20,44.3900751000001,0.0055255000006582,44.39560060000076,43.8668088000004,88.26240940000116,36195.81282786402,0.027627500003291,171.0625,12.54296875,,,0.7409523809523809,0.852944125056674,0.6796443398385146,0.1797411623261083,0.5456478531385905,0.8857142857142857,0.45,0.7898089171974523,0.0722353584583401,0.0836639608066882,0.2695313248559589,0.8516634362153521,0.3166666666666666,0.7071428571428572,0.3166666666666666,0.627906976744186,0.7898089171974523,0.45,0.8857142857142857,0.5242718446601942,0.835016835016835,0.6678571428571428,0.3744772262316113,0.785,0.8857142857142857,0.55,,
CatBoost,credit-g,0,800,200,20,144.96234900000036,0.5792504000000918,145.54159940000045,122.09616910000022,267.6377685000007,345.273822261831,2.896252000000459,61.328125,-109.84375,,,0.7815476190476192,0.8946704621290185,0.6710526315789473,0.1665399634279585,0.4984104326900608,0.9142857142857144,0.4,0.7804878048780488,0.0551971408721921,0.0599953458050969,0.2121909576860962,0.8941539238218685,0.3166666666666666,0.7642857142857142,0.3166666666666666,0.6666666666666666,0.7804878048780488,0.4,0.9142857142857144,0.5,0.8421052631578947,0.6571428571428571,0.3748789971250483,0.82,0.9142857142857144,0.6,,
MLP,credit-g,0,800,200,20,18.495091200000388,0.0030065999999351,18.498097800000323,16.38395749999927,34.88205529999959,66520.29983503463,0.0150329999996756,71.96875,8.0625,,,0.7034523809523808,0.8533161012652666,0.5408087690712488,0.1921708136796951,0.5634206533432007,0.9,0.2,0.7241379310344828,0.051612886339426,0.0804967553913593,0.7714710980653763,0.8524081045913474,0.2333333333333333,0.5785714285714286,0.2333333333333333,0.4615384615384615,0.7241379310344828,0.2,0.9,0.2790697674418604,0.802547770700637,0.55,0.1362631250826665,0.87,0.9,0.8,,
TabPFN,diabetes,0,614,154,8,8.30540209999981,2.42570859999978,10.73111069999959,0.0,10.73111069999959,63.4866034347767,15.751354545453117,97.3203125,9.96484375,,,0.8242592592592594,0.6978670655431023,0.6742307692307692,0.1677169702920127,0.4970274608379577,0.5185185185185185,0.82,0.6086956521739131,0.1125814146029629,0.0962476261449953,0.3682304978370667,0.6935427115344021,0.28,0.8518518518518519,0.28,0.7592592592592593,0.6086956521739131,0.82,0.5185185185185185,0.7884615384615384,0.56,0.6692592592592592,0.3529299526817895,0.2987012987012987,0.5185185185185185,0.18,,
XGBoost,diabetes,0,614,154,8,10.834528499999578,0.0322783000001436,10.866806799999722,10.741375399999924,21.608182199999646,4771.006999386823,0.2095993506502834,102.1328125,4.640625,,,0.8212962962962962,0.7153117749858191,0.7186538461538461,0.1634824126958847,0.4877934753894806,0.5740740740740741,0.85,0.6739130434782609,0.0408025110116252,0.092678984554557,0.4468187093734741,0.7120253050459084,0.32,0.8518518518518519,0.32,0.7870370370370371,0.6739130434782609,0.85,0.5740740740740741,0.8173076923076923,0.62,0.712037037037037,0.4421277853617603,0.2987012987012987,0.5740740740740741,0.15,,
LightGBM,diabetes,0,614,154,8,31.251790100000107,0.004260300000169,31.25605040000028,30.961892799999987,62.21794320000026,36147.680643665335,0.0276642857153836,107.921875,5.52734375,,,0.8327777777777778,0.6980914118498829,0.7186538461538461,0.1603893352721733,0.481476867915691,0.5740740740740741,0.85,0.6739130434782609,0.0950018696111697,0.0985108827943436,0.2960236065533612,0.6932591898772318,0.29,0.8703703703703703,0.29,0.7870370370370371,0.6739130434782609,0.85,0.5740740740740741,0.8173076923076923,0.62,0.712037037037037,0.4421277853617603,0.2987012987012987,0.5740740740740741,0.15,,
CatBoost,diabetes,0,614,154,8,65.3070246999996,0.002812100000483,65.30983680000008,64.98839449999923,130.29823129999932,54763.32463647181,0.0182603896135262,108.42578125,0.453125,,,0.827962962962963,0.6962109904918274,0.7009708737864078,0.162069488046461,0.486797860587881,0.5740740740740741,0.82,0.6326530612244898,0.0776837700181491,0.0813287100127681,0.3638973569738758,0.6911757229982499,0.26,0.8148148148148148,0.26,0.780952380952381,0.6326530612244898,0.82,0.5740740740740741,0.8,0.6019417475728155,0.697037037037037,0.4037216635973952,0.3181818181818182,0.5740740740740741,0.18,,
MLP,diabetes,0,614,154,8,7.06467210000028,0.0013515000000552,7.066023600000335,6.916436100000283,13.982459700000618,113947.38146231906,0.0087759740263327,108.4296875,0.06640625,,,0.8277777777777778,0.7265093880726103,0.7009708737864078,0.161508023738861,0.4806264042854309,0.5740740740740741,0.82,0.6326530612244898,0.0776245544676656,0.0954447003541054,0.2425981197092268,0.7234640392601815,0.31,0.8703703703703703,0.31,0.780952380952381,0.6326530612244898,0.82,0.5740740740740741,0.8,0.6019417475728155,0.697037037037037,0.4037216635973952,0.3181818181818182,0.5740740740740741,0.18,,
TabPFN,hill-valley,0,969,243,100,6.490865400000075,4.860805500000424,11.3516709000005,0.0,11.3516709000005,49.99171432594599,20.00331481481656,110.3203125,1.3203125,,,0.9992548435171386,0.99926129116379,0.9835365853658536,0.0485126256363289,0.2188760820557525,0.975206611570248,0.9918032786885246,0.9915966386554622,0.169442736900147,0.1696330832294476,0.4213728755712509,0.999258264618459,0.0327868852459016,1.0,0.0327868852459016,0.9758064516129032,0.9915966386554622,0.9918032786885246,0.975206611570248,0.983739837398374,0.9833333333333332,0.9835049451293862,0.9672064702825398,0.4897119341563786,0.975206611570248,0.0081967213114754,,
XGBoost,hill-valley,0,969,243,100,141.26241199999913,0.0396896000002016,141.30210159999933,138.30257280000023,279.6046743999996,6122.510528608379,0.163331687243628,112.69921875,2.22265625,,,0.6610215417965045,0.6754953966433861,0.6203125,0.2573378086090088,0.7394036650657654,0.6776859504132231,0.5655737704918032,0.6074074074074074,0.1697945838387856,0.1623791103469737,0.3634462555249532,0.6737396287711247,0.4508196721311475,0.7024793388429752,0.4508196721311475,0.6388888888888888,0.6074074074074074,0.5655737704918032,0.6776859504132231,0.6,0.640625,0.6216298604525132,0.2447732998040814,0.5555555555555556,0.6776859504132231,0.4344262295081967,,
LightGBM,hill-valley,0,969,243,100,90.00305299999854,0.0141934999992372,90.01724649999778,89.48884399999952,179.5060904999973,17120.511705537538,0.0584094650174372,104.80859375,-8.08203125,,,0.676500474190489,0.6785523470241339,0.5994936536795066,0.2297686322451206,0.6536134890842978,0.6611570247933884,0.5409836065573771,0.5882352941176471,0.0916658274512187,0.0841096288308717,0.2263930074121107,0.6764191721583312,0.6311475409836066,0.8842975206611571,0.6311475409836066,0.616822429906542,0.5882352941176471,0.5409836065573771,0.6611570247933884,0.5764192139737991,0.622568093385214,0.6010703156753827,0.2035939532441978,0.5596707818930041,0.6611570247933884,0.4590163934426229,,
CatBoost,hill-valley,0,969,243,100,710.7936465999992,0.0254174999990937,710.8190640999983,695.866426300001,1406.6854903999993,9560.341908068163,0.1045987654283691,69.31640625,-35.5859375,,,0.6258975748543557,0.6426380798552391,0.573240805469829,0.2896669707023023,0.8328056733051701,0.6611570247933884,0.4918032786885246,0.5633802816901409,0.2243885211510829,0.2329915845711868,0.3666427488463616,0.6397425294956418,0.2950819672131147,0.4876033057851239,0.2950819672131147,0.594059405940594,0.5633802816901409,0.4918032786885246,0.6611570247933884,0.5381165919282511,0.6083650190114068,0.5764801517409566,0.1551838342099292,0.5843621399176955,0.6611570247933884,0.5081967213114754,,
MLP,hill-valley,0,969,243,100,25.12701079999897,0.0048907000000326,25.131901499999003,24.577526200000648,49.70942769999965,49686.128838867255,0.0201263374486941,85.20703125,12.10546875,,,0.606997696789053,0.6062572313476943,0.5210519400071331,0.2439246624708175,0.6807976365089417,0.8842975206611571,0.2540983606557377,0.5404040404040404,0.0465357918062327,0.0258579076317602,0.3589529991149902,0.5999852846349946,0.3524590163934426,0.5371900826446281,0.3524590163934426,0.6888888888888889,0.5404040404040404,0.2540983606557377,0.8842975206611571,0.3712574850299401,0.670846394984326,0.5691979406584474,0.1781381402991155,0.8148148148148148,0.8842975206611571,0.7459016393442623,,
TabPFN,qsar-biodeg,0,844,211,41,9.75734729999931,5.442196100000729,15.19954340000004,0.0,15.19954340000004,38.77111299998922,25.792398578202505,116.23046875,0.23046875,,,0.9471830985915493,0.9210479933147168,0.8659023311386227,0.0830234071413556,0.2709833971970339,0.8028169014084507,0.9214285714285714,0.8382352941176471,0.0450288073843349,0.0502602987229201,0.3062928318977356,0.9205677486005626,0.0928571428571428,0.8591549295774648,0.0928571428571428,0.902097902097902,0.8382352941176471,0.9214285714285714,0.8028169014084507,0.911660777385159,0.8201438848920863,0.8621227364185111,0.7322451541321897,0.3222748815165877,0.8028169014084507,0.0785714285714285,,
XGBoost,qsar-biodeg,0,844,211,41,33.701377200000934,0.0363330999989557,33.73771029999989,32.27097690000119,66.00868720000108,5807.376584951129,0.1721947867249086,119.76953125,3.3046875,,,0.9453722334004024,0.9148216000921724,0.8747451284036649,0.0859446600079536,0.2886782884597778,0.7887323943661971,0.9428571428571428,0.875,0.0637181501535442,0.0686897123276622,0.3389980324677059,0.9142508646154638,0.1,0.8873239436619719,0.1,0.8979591836734694,0.875,0.9428571428571428,0.7887323943661971,0.9198606271777005,0.8296296296296296,0.86579476861167,0.7519899277757677,0.3033175355450237,0.7887323943661971,0.0571428571428571,,
LightGBM,qsar-biodeg,0,844,211,41,70.94901000000027,0.0064195999984804,70.95542959999875,69.49489929999982,140.45032889999857,32868.08635769514,0.0304246445425611,121.59765625,1.80859375,,,0.9359154929577465,0.904307282503778,0.8432833909591497,0.094249030304283,0.3333399583293659,0.7605633802816901,0.9142857142857144,0.8181818181818182,0.0694045229619137,0.0754735818775237,0.64007551295197,0.9036927740468876,0.1214285714285714,0.9014084507042254,0.1214285714285714,0.8827586206896552,0.8181818181818182,0.9142857142857144,0.7605633802816901,0.8982456140350877,0.7883211678832117,0.8374245472837022,0.6877710523990472,0.3127962085308057,0.7605633802816901,0.0857142857142857,,
CatBoost,qsar-biodeg,0,844,211,41,184.9492575000004,0.0088796000000002,184.9581371000004,182.1512593999996,367.1093965,23762.32896050116,0.0420834123222758,120.671875,-0.92578125,,,0.9454728370221328,0.9169413570374082,0.8517834378333377,0.0883150834825214,0.2906679461507879,0.7464788732394366,0.9357142857142856,0.8548387096774194,0.0535810752974893,0.0718449999438547,0.289733828299663,0.916421300406548,0.0785714285714285,0.8591549295774648,0.0785714285714285,0.8791946308724832,0.8548387096774194,0.9357142857142856,0.7464788732394366,0.9065743944636678,0.7969924812030075,0.8410965794768612,0.7076386954986927,0.2938388625592417,0.7464788732394366,0.0642857142857142,,
MLP,qsar-biodeg,0,844,211,41,10.912964600000125,0.0024181999997381,10.91538279999986,10.568841800000882,21.484224600000744,87254.9469720875,0.0114606635058679,120.94140625,0.36328125,,,0.9207243460764588,0.8574647196546803,0.8659023311386227,0.0968450903892517,0.3894299566745758,0.8028169014084507,0.9214285714285714,0.8382352941176471,0.0494641047500745,0.0701257656438726,0.4886999130249023,0.8555983366111379,0.0785714285714285,0.8450704225352113,0.0785714285714285,0.902097902097902,0.8382352941176471,0.9214285714285714,0.8028169014084507,0.911660777385159,0.8201438848920863,0.8621227364185111,0.7322451541321897,0.3222748815165877,0.8028169014084507,0.0785714285714285,,
TabPFN,spambase,0,3680,921,57,6.27631669999937,3.295018999999229,9.5713356999986,0.0,9.5713356999986,279.51280393852136,3.5776536373498686,111.53125,-1.93359375,,,0.9912171569063064,0.9841859426792896,0.9544866029512054,0.031605473025215,0.1168429047256622,0.9421487603305784,0.9659498207885304,0.9473684210526316,0.0135670266308283,0.0207831821436712,0.3127498775720596,0.9841534778249365,0.0663082437275985,0.9834710743801652,0.0663082437275985,0.9625,0.9473684210526316,0.9659498207885304,0.9421487603305784,0.964221824686941,0.9447513812154696,0.9540492905595545,0.9089830703390348,0.3919652551574376,0.9421487603305784,0.0340501792114695,,
XGBoost,spambase,0,3680,921,57,113.75568050000038,0.0623759000000063,113.8180564000004,109.86330829999952,223.6813646999999,14765.317778734869,0.0677262757871947,108.234375,-1.3046875,,,0.9876625492461272,0.980833393902142,0.944218867616685,0.0378305502235889,0.1353731900453567,0.928374655647383,0.9587813620071683,0.9361111111111112,0.0161080915970276,0.0188031915664252,0.5671633183956146,0.9807966935588966,0.046594982078853,0.953168044077135,0.046594982078853,0.9536541889483066,0.9361111111111112,0.9587813620071683,0.928374655647383,0.9562109025915996,0.9322268326417704,0.9435780088272756,0.8884597009701227,0.3908794788273615,0.928374655647383,0.0412186379928315,,
LightGBM,spambase,0,3680,921,57,103.35612889999992,0.0177862000000459,103.37391509999998,101.43036959999972,204.8042846999997,51781.71549942685,0.0193118349620477,110.48046875,2.1640625,,,0.987603305785124,0.9817103007949278,0.9464429545148044,0.0372915228250126,0.1359282075228403,0.928374655647383,0.9623655913978496,0.9413407821229052,0.0197660821108672,0.0205226689511561,0.5671898572357166,0.9816765441241854,0.039426523297491,0.9421487603305784,0.039426523297491,0.9538188277087034,0.9413407821229052,0.9623655913978496,0.928374655647383,0.9580731489741302,0.9348127600554784,0.9453701235226162,0.8929471944109129,0.3887079261672095,0.928374655647383,0.0376344086021505,,
CatBoost,spambase,0,3680,921,57,568.6343884999997,0.0118140999993556,568.646202599999,516.4292774999994,1085.0754800999985,77957.68802469439,0.0128274701404513,78.83984375,-31.640625,,,0.9859642366973744,0.9751515900588708,0.9488222764177444,0.0382734028796956,0.1471009550383527,0.9366391184573004,0.9605734767025088,0.9392265193370166,0.0240325240353578,0.0336177118621388,0.517555125057042,0.9750108187947588,0.039426523297491,0.9449035812672176,0.039426523297491,0.958855098389982,0.9392265193370166,0.9605734767025088,0.9366391184573004,0.9597135183527306,0.9379310344827586,0.9486062975799046,0.8976470012795454,0.3930510314875136,0.9366391184573004,0.039426523297491,,
MLP,spambase,0,3680,921,57,45.622069799999736,0.005042300000241,45.62711209999998,41.922423199999685,87.54953529999966,182654.70465883825,0.005474809989404,98.65625,13.28515625,,,0.9754978919201794,0.9609888573471236,0.9362812441316876,0.0526585020124912,0.2828939855098724,0.9201101928374656,0.9516129032258064,0.925207756232687,0.0461366020201682,0.0480316230404341,0.5105670988559723,0.9620974603623488,0.0663082437275985,0.950413223140496,0.0663082437275985,0.9482142857142856,0.925207756232687,0.9516129032258064,0.9201101928374656,0.9499105545617174,0.9226519337016574,0.935861548031636,0.8725721555126086,0.3919652551574376,0.9201101928374656,0.0483870967741935,,
TabPFN,titanic,0,1047,262,13,6.054543000000194,3.425218099999256,9.47976109999945,0.0,9.47976109999945,76.49147945456828,13.073351526714715,122.1640625,-0.39453125,,,0.992932098765432,0.9886393345421766,0.959245893479343,0.0326931311095247,0.131840448606819,0.93,0.9814814814814816,0.96875,0.0225223154009529,0.0245246823118619,0.3403561059385538,0.9886116983506203,0.0246913580246913,0.97,0.0246913580246913,0.9578313253012049,0.96875,0.9814814814814816,0.93,0.9695121951219512,0.9489795918367347,0.9557407407407408,0.9190003912396428,0.366412213740458,0.93,0.0185185185185185,,
XGBoost,titanic,0,1047,262,13,8.526401999999507,0.0047135000004345,8.531115499999942,8.434863299999051,16.965978799998993,55585.009948198574,0.0179904580169258,122.515625,0.20703125,,,0.9851234567901236,0.9822995087812656,0.959245893479343,0.0335320755839347,0.1342624723911285,0.93,0.9814814814814816,0.96875,0.0055560609965606,0.0055560609965606,0.1365773677825927,0.9837873579868298,0.0308641975308641,0.97,0.0308641975308641,0.9578313253012049,0.96875,0.9814814814814816,0.93,0.9695121951219512,0.9489795918367347,0.9557407407407408,0.9190003912396428,0.366412213740458,0.93,0.0185185185185185,,
LightGBM,titanic,0,1047,262,13,43.10406379999949,0.0025395000011485,43.10660330000064,42.80267579999963,85.90927910000028,103169.87466494554,0.0096927480959868,123.265625,0.75,,,0.9885802469135804,0.9884388267167112,0.959245893479343,0.0344239910480876,0.1604577123091263,0.93,0.9814814814814816,0.96875,0.0848904640457098,0.0875084193351566,0.4446051308210351,0.9884370443985466,0.0493827160493827,0.98,0.0493827160493827,0.9578313253012049,0.96875,0.9814814814814816,0.93,0.9695121951219512,0.9489795918367347,0.9557407407407408,0.9190003912396428,0.366412213740458,0.93,0.0185185185185185,,
CatBoost,titanic,0,1047,262,13,125.64847709999958,0.0032585000008111,125.6517356000004,124.87951129999963,250.53124690000004,80405.06967307263,0.0124370229038594,123.51953125,0.25390625,,,0.989506172839506,0.9856570610888314,0.959245893479343,0.0319351260395698,0.1220093371969328,0.93,0.9814814814814816,0.96875,0.0184404989569949,0.0203026490377574,0.6730276132071761,0.9856364443482544,0.0432098765432098,0.97,0.0432098765432098,0.9578313253012049,0.96875,0.9814814814814816,0.93,0.9695121951219512,0.9489795918367347,0.9557407407407408,0.9190003912396428,0.366412213740458,0.93,0.0185185185185185,,
MLP,titanic,0,1047,262,13,10.670469500000763,0.0021590999986074,10.67262859999937,10.460540300000504,21.13316889999988,121346.8013626901,0.0082408396893412,123.75390625,0.30859375,,,0.9783333333333332,0.9751610446814748,0.917796184738956,0.0502040609717369,0.1758581846952438,0.86,0.9629629629629628,0.9347826086956522,0.0436807179411176,0.0432384918578936,0.5817623436450958,0.9750631547289478,0.0864197530864197,0.96,0.0864197530864197,0.9176470588235294,0.9347826086956522,0.9629629629629628,0.86,0.9397590361445785,0.8958333333333334,0.9114814814814814,0.8375667405640693,0.3511450381679389,0.86,0.037037037037037,,
TabPFN,wdbc,0,455,114,30,6.047936900000423,2.4298046000003524,8.477741500000775,0.0,8.477741500000775,46.917352923385735,21.31407543859958,101.09375,5.75390625,,,0.9966931216931216,0.9954212454212454,0.9905276277523888,0.016764421216615,0.0678622250890382,0.9761904761904762,1.0,1.0,0.0293466650331251,0.0318180125523053,0.4926590919494629,0.9953763556704732,0.0,0.9761904761904762,0.0,0.9863013698630136,1.0,1.0,0.9761904761904762,0.993103448275862,0.9879518072289156,0.988095238095238,0.9812328999345132,0.3596491228070175,0.9761904761904762,0.0,,
XGBoost,wdbc,0,455,114,30,12.919721299998857,0.0347134000003279,12.954434699999185,11.875445800000309,24.82988049999949,3284.034312826996,0.3045035087748067,107.7265625,6.28125,,,0.9904100529100528,0.9891535069312278,0.9614864864864864,0.021655511111021,0.0901043340563774,0.9047619047619048,1.0,1.0,0.0239398133728587,0.026456109632068,0.378111720085144,0.9890637657151852,0.0138888888888888,0.9761904761904762,0.0138888888888888,0.9473684210526316,1.0,1.0,0.9047619047619048,0.972972972972973,0.95,0.9523809523809524,0.9258200997725514,0.3333333333333333,0.9047619047619048,0.0,,
LightGBM,wdbc,0,455,114,30,13.547342500000012,0.0032089999986055,13.55055149999862,13.435983100000158,26.986534599998777,35525.074641465355,0.0281491227947857,110.4609375,2.515625,,,0.992063492063492,0.9910081981510552,0.9614864864864864,0.0308757366127803,0.209864282774644,0.9047619047619048,1.0,1.0,0.0332815447392477,0.0332815447392477,0.9022879456689148,0.9909354652195465,0.0138888888888888,0.9761904761904762,0.0138888888888888,0.9473684210526316,1.0,1.0,0.9047619047619048,0.972972972972973,0.95,0.9523809523809524,0.9258200997725514,0.3333333333333333,0.9047619047619048,0.0,,
CatBoost,wdbc,0,455,114,30,263.1680015999991,0.0029900000008638,263.1709916,259.7310570999998,522.9020486999998,38127.077538457605,0.0262280701830158,111.0703125,0.54296875,,,0.9993386243386244,0.998917748917749,0.9614864864864864,0.0288368466031612,0.0882094337962749,0.9047619047619048,1.0,1.0,0.0352085966669212,0.0352085966669212,0.8181066907477736,0.9989051646028392,0.0,0.9761904761904762,0.0,0.9473684210526316,1.0,1.0,0.9047619047619048,0.972972972972973,0.95,0.9523809523809524,0.9258200997725514,0.3333333333333333,0.9047619047619048,0.0,,
MLP,wdbc,0,455,114,30,6.737517400000797,0.0019982000012532,6.739515600002051,6.538464199998998,13.277979800001049,57051.31762445254,0.0175280701864322,107.890625,-3.1015625,,,0.995701058201058,0.9943722943722944,0.9809555629802872,0.014422901906073,0.0843679830431938,0.9523809523809524,1.0,1.0,0.0218646001773314,0.0218646001773314,0.6246697902679443,0.9943201859868528,0.0,0.9761904761904762,0.0,0.972972972972973,1.0,1.0,0.9523809523809524,0.9863013698630136,0.975609756097561,0.9761904761904762,0.962621902223779,0.3508771929824561,0.9523809523809524,0.0,,
TabPFN,ozone-level,0,2027,507,72,11.89565420000008,6.653368299999784,18.549022499999865,0.0,18.549022499999865,76.20200431769491,13.123014398421663,489.28125,3.1953125,,,0.9432236842105264,0.6090678433764204,0.7594461697722568,0.0370582058219632,0.1255595065559341,0.40625,0.9936842105263158,0.8125,0.0154173709835413,0.0173039127752277,0.3626163601875305,0.6036861755495345,0.1852631578947368,0.96875,0.1852631578947368,0.9613034623217924,0.8125,0.9936842105263158,0.40625,0.9772256728778468,0.5416666666666666,0.699967105263158,0.5563007071775082,0.0315581854043392,0.40625,0.0063157894736842,0.9497347691327624,0.9566074950690336
XGBoost,ozone-level,0,2027,507,72,92.81441829999994,0.0196358000002874,92.83405410000024,90.48552599999994,183.31958010000017,25820.18426406841,0.0387293885607246,311.7421875,-176.90234375,,,0.9275,0.5955147227620669,0.7093223254213966,0.03857247158885,0.1376896202564239,0.3125,0.9936842105263158,0.7692307692307693,0.0152093754526543,0.0152589953311625,0.438686728477478,0.590548256308421,0.1978947368421052,0.90625,0.1978947368421052,0.9554655870445344,0.7692307692307693,0.9936842105263158,0.3125,0.9742002063983488,0.4444444444444444,0.653092105263158,0.4710526315789474,0.0256410256410256,0.3125,0.0063157894736842,0.9407639452888322,0.95069033530572
LightGBM,ozone-level,0,2027,507,72,143.76757530000032,0.0141519999997399,143.78172730000006,141.02050819999977,284.8022354999998,35825.32251158809,0.0279132149896251,99.1484375,-213.59765625,,,0.9225,0.5762933184585319,0.7157091097308489,0.0433728032898548,0.2096679862840366,0.34375,0.9894736842105264,0.6875,0.0441059479512391,0.0428545142392088,0.7683022642513329,0.5708447754765009,0.08,0.78125,0.08,0.9572301425661914,0.6875,0.9894736842105264,0.34375,0.9730848861283644,0.4583333333333333,0.6666118421052631,0.4635076627494784,0.0315581854043392,0.34375,0.0105263157894736,0.9405956362478104,0.9487179487179488
CatBoost,ozone-level,0,2027,507,72,262.43409500000007,0.0426057999998192,262.4767007999999,254.0491399999996,516.5258407999995,11899.788012485682,0.0840351084809059,62.1484375,-38.609375,,,0.936842105263158,0.5763386740774763,0.6568570927230342,0.0398525075984211,0.1369731987937725,0.21875,0.9957894736842106,0.7777777777777778,0.0189472874474794,0.0193854795300575,0.3437294886895472,0.569149475733567,0.1305263157894736,0.875,0.1305263157894736,0.9497991967871486,0.7777777777777778,0.9957894736842106,0.21875,0.972250770811922,0.3414634146341463,0.6072697368421053,0.3950873083103398,0.0177514792899408,0.21875,0.0042105263157894,0.9324377621379796,0.9467455621301776
MLP,ozone-level,0,2027,507,72,17.939642000000276,0.0028707999999824,17.94251280000026,16.51039179999998,34.45290460000024,176605.76264363382,0.0056623274161388,76.45703125,10.2265625,,,0.9244078947368422,0.5993530352413529,0.7542872054876231,0.039310697466135,0.1550464183092117,0.46875,0.9810526315789474,0.625,0.0213641831522745,0.0318149377626809,0.3139057755470276,0.5945284226587574,0.1326315789473684,0.84375,0.1326315789473684,0.9648033126293996,0.625,0.9810526315789474,0.46875,0.9728601252609604,0.5357142857142857,0.7249013157894737,0.5150680364133311,0.0473372781065088,0.46875,0.0189473684210526,0.9452690663546612,0.9487179487179488
TabPFN,kc1,0,1687,422,21,9.115144099999725,7.058443599999919,16.173587699999644,0.0,16.173587699999644,59.7865512363403,16.726169668246254,182.05859375,4.94921875,,,0.8623572505925448,0.6388407875870085,0.7029768558771168,0.087581002192634,0.3011583484870386,0.3538461538461538,0.9747899159663864,0.71875,0.029546613618097,0.0432386277140045,0.2978751212358475,0.6366064839462041,0.1736694677871148,0.7692307692307693,0.1736694677871148,0.8923076923076924,0.71875,0.9747899159663864,0.3538461538461538,0.931726907630522,0.4742268041237113,0.6643180349062702,0.448124534508791,0.0758293838862559,0.3538461538461538,0.0252100840336134,0.8612588822088569,0.8791469194312796
XGBoost,kc1,0,1687,422,21,27.452461200000016,0.0050811999999496,27.45754239999997,26.920402400000057,54.37794480000002,83051.23139277218,0.0120407582937194,185.75,3.8515625,,,0.8224089635854341,0.523000256496027,0.6767659574468086,0.0987730994820594,0.3327952027320862,0.3076923076923077,0.9747899159663864,0.6896551724137931,0.0499172708222651,0.0559293889392043,0.3314302563667297,0.5125981041104635,0.165266106442577,0.7230769230769231,0.165266106442577,0.8854961832061069,0.6896551724137931,0.9747899159663864,0.3076923076923077,0.928,0.425531914893617,0.6412411118293471,0.4030757172986506,0.0687203791469194,0.3076923076923077,0.0252100840336134,0.8506056267016234,0.8720379146919431
LightGBM,kc1,0,1687,422,21,48.38049120000005,0.0069963999999345,48.38748759999999,47.93676319999986,96.32425079999985,60316.72569996346,0.016579146919276,187.18359375,1.296875,,,0.8186382245205774,0.5190618486364742,0.6680329565685422,0.1006116056570888,0.3360937124043711,0.3076923076923077,0.9663865546218487,0.625,0.0276367711699389,0.0470659977113073,0.1773319374836032,0.5138176630943628,0.196078431372549,0.7230769230769231,0.196078431372549,0.8846153846153846,0.625,0.9663865546218487,0.3076923076923077,0.923694779116466,0.4123711340206185,0.6370394311570782,0.3737309257115015,0.0758293838862559,0.3076923076923077,0.0336134453781512,0.8449363977628401,0.8649289099526066
CatBoost,kc1,0,1687,422,21,160.5723981000001,0.0061382000003504,160.57853630000045,155.68905300000006,316.2675893000005,68749.7851529959,0.0145454976311622,207.01171875,19.7734375,,,0.8237879767291533,0.5230573480667737,0.6475804369941845,0.0989002155115362,0.3298895867755836,0.2461538461538461,0.9831932773109244,0.7272727272727273,0.0219525659523836,0.0357840247484484,0.3197006139477738,0.512795016535488,0.1428571428571428,0.676923076923077,0.1428571428571428,0.8775,0.7272727272727273,0.9831932773109244,0.2461538461538461,0.927344782034346,0.367816091954023,0.6146735617323853,0.3724283627087821,0.0521327014218009,0.2461538461538461,0.0168067226890756,0.8411614529935382,0.8696682464454977
MLP,kc1,0,1687,422,21,9.895155300000624,0.0020767999994859,9.89723210000011,9.011537299999873,18.908769399999983,203197.12871115343,0.0049213270129998,207.37890625,0.42578125,,,0.7790777849601379,0.4553988586571578,0.6245321224765294,0.1088041812181472,0.3561926484107971,0.2153846153846154,0.9803921568627452,0.6666666666666666,0.0393710908660956,0.0567289955154838,0.2821216583251953,0.4511577456611839,0.3893557422969187,0.8769230769230769,0.3893557422969187,0.8728179551122195,0.6666666666666666,0.9803921568627452,0.2153846153846154,0.9234828496042216,0.3255813953488372,0.5978883861236802,0.3249900889703537,0.0497630331753554,0.2153846153846154,0.0196078431372549,0.8313890237118047,0.8625592417061612
TabPFN,pc1,0,887,222,21,9.246897099999842,6.03907160000017,15.285968700000012,0.0,15.285968700000012,36.760617304691856,27.203025225226,215.1171875,0.18359375,,,0.9183574879227052,0.5204098328883813,0.6652305040930633,0.0430533961459303,0.1609643957935017,0.2666666666666666,0.9855072463768116,0.5714285714285714,0.0309510769034409,0.0330163779120305,0.5656578540802002,0.4851465099031372,0.2125603864734299,0.9333333333333332,0.2125603864734299,0.9488372093023256,0.5714285714285714,0.9855072463768116,0.2666666666666666,0.966824644549763,0.3636363636363636,0.6260869565217392,0.362211896201009,0.0315315315315315,0.2666666666666666,0.0144927536231884,0.926068679623182,0.9369369369369368
XGBoost,pc1,0,887,222,21,11.99611719999939,0.0085106000005907,12.00462779999998,11.656892699999844,23.661520499999824,26085.114316202737,0.0383360360386972,217.0859375,2.23046875,,,0.8623188405797102,0.5148568443693355,0.7357142857142858,0.0446002632379531,0.1804590374231338,0.4,0.9855072463768116,0.6666666666666666,0.0388291140447731,0.0565883112014145,0.7760727405548096,0.4909438600777049,0.0241545893719806,0.6,0.0241545893719806,0.9577464788732394,0.6666666666666666,0.9855072463768116,0.4,0.9714285714285714,0.5,0.6927536231884058,0.4906279571514168,0.0405405405405405,0.4,0.0144927536231884,0.9395752895752896,0.945945945945946
LightGBM,pc1,0,887,222,21,58.21322689999943,0.0046495999995386,58.217876499998965,57.58254299999953,115.8004194999985,47746.03240622774,0.0209441441420658,216.5859375,-0.52734375,,,0.8510466988727858,0.4847551646090669,0.6916666666666667,0.0505264711036508,0.2016141634077167,0.3333333333333333,0.9806763285024156,0.5555555555555556,0.0391709710916828,0.0491115154613507,0.6923443719228507,0.4742102671154344,0.2028985507246377,0.8666666666666667,0.2028985507246377,0.9530516431924884,0.5555555555555556,0.9806763285024156,0.3333333333333333,0.9666666666666668,0.4166666666666667,0.6570048309178744,0.3996343009378709,0.0405405405405405,0.3333333333333333,0.0193236714975845,0.9295045045045044,0.9369369369369368
CatBoost,pc1,0,887,222,21,335.05097339999975,0.0171785999991698,335.0681519999989,316.1108656999995,651.1790176999984,12923.054677777804,0.0773810810773415,257.078125,40.46484375,,,0.8784219001610306,0.4979940986166145,0.7140228192859772,0.049949739155831,0.1992882822184709,0.4,0.9758454106280192,0.5454545454545454,0.033783237095139,0.0447683961435769,0.4989001497907704,0.4837906141518167,0.0579710144927536,0.7333333333333333,0.0579710144927536,0.957345971563981,0.5454545454545454,0.9758454106280192,0.4,0.9665071770334928,0.4615384615384615,0.6879227053140097,0.4347128555527298,0.0495495495495495,0.4,0.0241545893719806,0.9323876692297746,0.9369369369369368
MLP,pc1,0,887,222,21,5.279352099999414,0.0014602000001104,5.280812299999525,5.214588599999843,10.495400899999368,152033.8638195713,0.0065774774779751,256.68359375,-0.28515625,,,0.6628019323671497,0.1636384363342569,0.4825174825174825,0.082715593278408,0.3062045872211456,0.0,1.0,,0.1210227904019055,0.1237595756412358,0.4993180334568023,0.1437738076335916,0.4782608695652174,0.8666666666666667,0.4782608695652174,0.9324324324324323,0.0,1.0,0.0,0.965034965034965,0.0,0.5,0.0,0.0,0.0,0.0,0.8998298998298998,0.9324324324324323
TabPFN,sick,0,1250,313,37,7.461736900000005,3.03186740000001,10.493604300000015,0.0,10.493604300000015,103.23670484295,9.686477316293962,480.68359375,1.93359375,,,0.834964412811388,0.3691351549089221,0.5488140479622592,0.0778404969178813,0.2624815236393719,0.09375,0.9857651245551602,0.4285714285714285,0.0398739120310593,0.0526761014196544,0.6056444644927979,0.3594622640821394,0.2491103202846975,0.875,0.2491103202846975,0.9052287581699346,0.4285714285714285,0.9857651245551602,0.09375,0.9437819420783644,0.1538461538461538,0.5397575622775801,0.1629176584206734,0.0223642172523961,0.09375,0.0142348754448398,0.8630217336967966,0.8945686900958466
XGBoost,sick,0,1250,313,37,52.61676820000002,0.0188124999999672,52.63558069999999,51.3218339,103.9574146,16637.87286977658,0.06010383386571,267.484375,-213.76171875,,,0.8123887900355873,0.3082561253686748,0.5844267416432365,0.0835182890295982,0.2849437296390533,0.15625,0.9750889679715302,0.4166666666666667,0.0415571760445738,0.0463599818297468,0.80354243516922,0.2914496141965922,0.295373665480427,0.875,0.295373665480427,0.9102990033222592,0.4166666666666667,0.9750889679715302,0.15625,0.9415807560137456,0.2272727272727272,0.5656694839857651,0.2072277338062293,0.0383386581469648,0.15625,0.0249110320284697,0.8685524591456543,0.8913738019169329
LightGBM,sick,0,1250,313,37,68.0133351,0.0034751999999684,68.01681029999997,67.67019110000001,135.6870014,90066.73283152221,0.0111028753992603,264.953125,-2.77734375,,,0.828403024911032,0.3301980412283083,0.5844267416432365,0.0813112642804918,0.2743167086403206,0.15625,0.9750889679715302,0.4166666666666667,0.0469777764850424,0.0584847322508358,0.7632316309467985,0.3127481951139828,0.2419928825622775,0.84375,0.2419928825622775,0.9102990033222592,0.4166666666666667,0.9750889679715302,0.15625,0.9415807560137456,0.2272727272727272,0.5656694839857651,0.2072277338062293,0.0383386581469648,0.15625,0.0249110320284697,0.8685524591456543,0.8913738019169329
CatBoost,sick,0,1250,313,37,325.2349957999999,0.0448307999999997,325.2798265999999,262.14673270000003,587.4265593,6981.8069947044205,0.1432293929712451,75.31640625,-189.67578125,,,0.8317393238434163,0.4213694630384645,0.5916503587736465,0.0777317174982626,0.2653429183469569,0.15625,0.98220640569395,0.5,0.0476280527034894,0.0609427056947777,0.5702564971512248,0.4140988095333701,0.2775800711743772,0.875,0.2775800711743772,0.9108910891089108,0.5,0.98220640569395,0.15625,0.9452054794520548,0.238095238095238,0.5692282028469751,0.2385173019503876,0.0319488817891373,0.15625,0.0177935943060498,0.8729130586104632,0.8977635782747604
MLP,sick,0,1250,313,37,119.95013700000004,0.1059602000000268,120.05609720000008,93.79093250000004,213.8470297000001,2953.9392814092603,0.3385309904154211,70.90625,-11.4453125,,,0.827290925266904,0.3842075388220485,0.5693558474046279,0.0777177438139915,0.2856002748012543,0.125,0.98220640569395,0.4444444444444444,0.0393275464632021,0.0537030272774945,0.3693843483924866,0.374668216457703,0.3238434163701068,0.90625,0.3238434163701068,0.9078947368421052,0.4444444444444444,0.98220640569395,0.125,0.9435897435897436,0.1951219512195122,0.5536032028469751,0.1943528163183649,0.0287539936102236,0.125,0.0177935943060498,0.8670690747212215,0.8945686900958466
TabPFN,phoneme,0,4323,1081,5,6.82620309999993,3.238502100000005,10.064705199999937,0.0,10.064705199999937,333.79629417754643,2.995839130434787,482.5078125,2.70703125,,,0.967884453399838,0.935359758320224,0.8926863268200063,0.063151958950621,0.2131313398527917,0.8296529968454258,0.9463350785340314,0.8651315789473685,0.0228936206304911,0.0250368841716324,0.2158956019317403,0.9352599178440192,0.1151832460732984,0.9369085173501576,0.1151832460732984,0.9305019305019304,0.8651315789473685,0.9463350785340314,0.8296529968454258,0.9383517196625568,0.8470209339774557,0.8879940376897286,0.7857493975212229,0.2812210915818686,0.8296529968454258,0.0536649214659685,0.9115692413441692,0.912118408880666
XGBoost,phoneme,0,4323,1081,5,65.28794229999994,0.0169058999999833,65.30484819999992,63.30278900000008,128.6076372,63942.17025174009,0.0156391304347672,445.5546875,-37.3359375,,,0.9450344360579386,0.8833243926266912,0.857128054499105,0.0876048132777214,0.3136431574821472,0.7634069400630915,0.9345549738219896,0.8287671232876712,0.0568439901429921,0.0568439924777601,0.2364509125550588,0.883053609025854,0.1308900523560209,0.8958990536277602,0.1308900523560209,0.9049429657794676,0.8287671232876712,0.9345549738219896,0.7634069400630915,0.9195106245975532,0.7947454844006568,0.8489809569425405,0.7156128129107902,0.2701202590194264,0.7634069400630915,0.0654450261780104,0.8829236223381488,0.8843663274745606
LightGBM,phoneme,0,4323,1081,5,127.04375260000006,0.0258962000000337,127.0696488000001,125.6163170000002,252.6859658000003,41743.57466558858,0.0239557816836575,450.15625,3.69921875,,,0.9521198407848448,0.8954858170584508,0.8662718590111622,0.0957961072935424,0.5880594602445117,0.7760252365930599,0.9397905759162304,0.8424657534246576,0.088670560375434,0.0938975400522871,0.5641770697710657,0.8956689686064061,0.1321989528795811,0.9242902208201892,0.1321989528795811,0.9100126742712294,0.8424657534246576,0.9397905759162304,0.7760252365930599,0.9246619446233098,0.8078817733990148,0.8579079062546451,0.733918222363258,0.2701202590194264,0.7760252365930599,0.0602094240837696,0.8904165105085072,0.8917668825161887
CatBoost,phoneme,0,4323,1081,5,238.4917682,0.0072065000001657,238.4989747000002,221.48089920000007,459.97987390000026,150003.44827193324,0.0066665124885899,161.37109375,-288.87109375,,,0.9525699043718104,0.897906664544057,0.8647904940587867,0.0857160755424943,0.3156052141438109,0.7823343848580442,0.9345549738219896,0.8322147651006712,0.0665797414344065,0.0670307380083185,0.2648296353599111,0.8977083509154817,0.1308900523560209,0.9053627760252366,0.1308900523560209,0.9118773946360154,0.8322147651006712,0.9345549738219896,0.7823343848580442,0.9230769230769232,0.8065040650406504,0.8584446793400169,0.7303641223338359,0.2756706753006475,0.7823343848580442,0.0654450261780104,0.8888922829312261,0.8899167437557817
MLP,phoneme,0,4323,1081,5,48.30552269999998,0.0034077000000252,48.30893040000001,43.85993879999978,92.1688691999998,317222.66712719254,0.0031523589269428,170.0234375,7.203125,,,0.9081416089979684,0.7933082981660674,0.8083546977924276,0.1109873205423355,0.3494472205638885,0.6908517350157729,0.9096858638743456,0.7604166666666666,0.0337434614337395,0.0284413921609727,0.1898890667491488,0.7927645900259583,0.1871727748691099,0.8580441640378549,0.1871727748691099,0.8764186633039092,0.7604166666666666,0.9096858638743456,0.6908517350157729,0.892742453436095,0.7239669421487603,0.8002687994450592,0.6184202130824362,0.2664199814986124,0.6908517350157729,0.0903141361256544,0.8432495421705215,0.845513413506013
TabPFN,australian,0,6702,1676,120,11.898251300000084,8.67073849999997,20.56898980000005,0.0,20.56898980000005,193.2938007306658,5.1734716587112,501.140625,-5.5625,,,0.867342132505176,0.5757538743708615,0.6813975667594597,0.0975619830500715,0.3122850547315456,0.3405797101449275,0.9614285714285714,0.6351351351351351,0.0153087454637596,0.0238634813004237,0.0865120545906179,0.5744015558404,0.2585714285714285,0.8659420289855072,0.2585714285714285,0.8808900523560209,0.6351351351351351,0.9614285714285714,0.3405797101449275,0.9193989071038252,0.4433962264150943,0.6510041407867495,0.3947706677589491,0.0883054892601432,0.3405797101449275,0.0385714285714285,0.8410118308090221,0.8591885441527446
XGBoost,australian,0,6702,1676,120,149.2303256,0.4630856999999651,149.69341129999998,135.8933360000001,285.58674730000007,3619.200498700188,0.2763041169450865,61.60546875,-439.89453125,,,0.8848887163561077,0.6027828656587356,0.7131736454395659,0.0930314511060714,0.2978086173534393,0.4166666666666667,0.9535714285714286,0.6388888888888888,0.0233596925254742,0.0231428704866894,0.4480617046356201,0.6007951653483411,0.1885714285714285,0.822463768115942,0.1885714285714285,0.892379679144385,0.6388888888888888,0.9535714285714286,0.4166666666666667,0.9219613259668508,0.5043859649122807,0.6851190476190476,0.4435040729108468,0.107398568019093,0.4166666666666667,0.0464285714285714,0.8531959323802988,0.8651551312649165
LightGBM,australian,0,6702,1676,120,157.948582,0.9613823999998204,158.9099643999998,149.04768809999996,307.95765249999977,1743.3229464747749,0.5736171837707759,71.828125,5.41796875,,,0.8755357142857143,0.595985913474932,0.7006045448989762,0.094266913041599,0.3033427169987484,0.3804347826086957,0.9592857142857144,0.6481481481481481,0.0134944588943028,0.0183087106842931,0.1324910344954893,0.5946297737749822,0.2535714285714285,0.8731884057971014,0.2535714285714285,0.8870541611624835,0.6481481481481481,0.9592857142857144,0.3804347826086957,0.9217570350034318,0.4794520547945205,0.6698602484472049,0.426402620135059,0.0966587112171837,0.3804347826086957,0.0407142857142857,0.8489192220334678,0.863961813842482
CatBoost,australian,0,6702,1676,120,280.3274925999999,3.506433800000196,283.8339264000001,242.7465492000001,526.5804756000002,477.9785089688355,2.0921442720764887,103.09765625,30.28515625,,,0.8823550724637682,0.6013301453331887,0.6968009463762097,0.0937809985965884,0.2998854974574971,0.3731884057971014,0.9592857142857144,0.64375,0.0235225502562038,0.0287825452312866,0.2227760558373395,0.5999830862278791,0.2264285714285714,0.8514492753623188,0.2264285714285714,0.8858839050131926,0.64375,0.9592857142857144,0.3731884057971014,0.921124828532236,0.4724770642201835,0.6662370600414078,0.4196302736162953,0.0954653937947494,0.3731884057971014,0.0407142857142857,0.8472424998030436,0.8627684964200477
MLP,australian,0,6702,1676,120,111.9901077000004,0.0843013000003338,112.07440900000074,90.18680630000016,202.2612153000009,19881.069213787843,0.0502991050121323,103.5390625,-1.5625,,,0.8604865424430643,0.5424916478927099,0.6867674324585336,0.1005171835422515,0.3198829889297485,0.3623188405797101,0.955,0.6134969325153374,0.0188740724631027,0.0221242762964245,0.1774282336235046,0.5410471540100875,0.25,0.8297101449275363,0.25,0.8836748182419035,0.6134969325153374,0.955,0.3623188405797101,0.9179539993134226,0.4555808656036446,0.658659420289855,0.3971926025485272,0.0972553699284009,0.3623188405797101,0.045,0.8418114068886622,0.8573985680190931
TabPFN,kc2,0,417,105,21,6.742356000000029,2.6176887999999963,9.360044800000026,0.0,9.360044800000026,40.11171991104841,24.93036952380949,481.48046875,3.40625,,,0.7549288061336256,0.5187967534286883,0.6742857142857143,0.1410435149226313,0.4826277833940107,0.3636363636363636,0.9397590361445785,0.6153846153846154,0.122269930859052,0.134103308538241,0.5769974589347839,0.5036227977312615,0.3373493975903614,0.7727272727272727,0.3373493975903614,0.8478260869565217,0.6153846153846154,0.9397590361445785,0.3636363636363636,0.8914285714285715,0.4571428571428571,0.651697699890471,0.3748813095095569,0.1238095238095238,0.3636363636363636,0.0602409638554216,0.8004353741496599,0.819047619047619
XGBoost,kc2,0,417,105,21,38.23236789999999,0.0063999000000194,38.238767800000005,37.8417035,76.0804713,16406.50378805563,0.0609514285716137,358.44921875,-123.4140625,,,0.7699890470974808,0.5161653669752566,0.6647509578544062,0.1460016071796417,0.4857818186283111,0.3636363636363636,0.927710843373494,0.5714285714285714,0.1249149362246195,0.122173779067539,0.7065542042255402,0.5278384048788325,0.3855421686746988,0.8181818181818182,0.3855421686746988,0.8461538461538461,0.5714285714285714,0.927710843373494,0.3636363636363636,0.8850574712643678,0.4444444444444444,0.6456736035049289,0.3488000445227343,0.1333333333333333,0.3636363636363636,0.072289156626506,0.792738551359241,0.8095238095238095
LightGBM,kc2,0,417,105,21,21.31962820000001,0.0042559000000323,21.323884100000043,21.12559760000005,42.44948170000009,24671.62652495928,0.0405323809526895,370.16015625,11.4765625,,,0.752738225629792,0.5762582896367794,0.6841577540106951,0.1372631674952248,0.4495408834670176,0.3636363636363636,0.9518072289156626,0.6666666666666666,0.1109918786898455,0.107532803776117,0.5272803289544485,0.5740325585238798,0.1927710843373494,0.7272727272727273,0.1927710843373494,0.8494623655913979,0.6666666666666666,0.9518072289156626,0.3636363636363636,0.8977272727272727,0.4705882352941176,0.6577217962760131,0.4034967114560966,0.1142857142857142,0.3636363636363636,0.0481927710843373,0.8082314744079451,0.8285714285714286
CatBoost,kc2,0,417,105,21,138.5341717,0.0040788999999676,138.53825059999997,137.66140040000005,276.199651,25742.228115080936,0.0388466666663589,346.7109375,-23.515625,,,0.7667031763417307,0.560306189056905,0.6490641711229946,0.1370095114809763,0.4353557924523059,0.3181818181818182,0.9397590361445785,0.5833333333333334,0.0744643846410928,0.0747902366781094,0.2753756337811548,0.5533439560163808,0.3373493975903614,0.8181818181818182,0.3373493975903614,0.8387096774193549,0.5833333333333334,0.9397590361445785,0.3181818181818182,0.8863636363636364,0.4117647058823529,0.6289704271631983,0.3299426234302457,0.1142857142857142,0.3181818181818182,0.0602409638554216,0.7869238604532722,0.8095238095238095
MLP,kc2,0,417,105,21,7.316432000000077,0.00169649999998,7.318128500000057,7.111229200000025,14.429357700000082,61892.09437615274,0.0161571428569524,348.59765625,1.66796875,,,0.738499452354874,0.4988186524980581,0.6555225745977191,0.1494282931089401,0.5252466201782227,0.3636363636363636,0.9156626506024096,0.5333333333333333,0.0966671827293577,0.1228549275192476,0.6066728234291077,0.4836778708459216,0.3132530120481928,0.7727272727272727,0.3132530120481928,0.8444444444444444,0.5333333333333333,0.9156626506024096,0.3636363636363636,0.8786127167630058,0.4324324324324324,0.6396495071193866,0.3248275864741904,0.1428571428571428,0.3636363636363636,0.0843373493975903,0.7851273238556475,0.8
SAP-RPT-1,credit-g,0,800,200,20,10.38189653200061,0.848055218000809,11.22995175000142,0.0,11.22995175000142,235.8336998805844,4.240276090004045,2595.39453125,586.78125,595.115234375,,0.4567261904761904,0.6918582949615595,0.4117647058823529,0.2138460129499435,0.6206864714622498,1.0,0.0,0.7,0.0494361233711242,0.0408658948540687,0.3548800945281982,0.688417166901956,0.05,0.0785714285714285,0.05,0.0,0.7,0.0,1.0,0.0,0.8235294117647058,0.5,0.0,1.0,1.0,1.0,0.5764705882352941,0.7
TabPFN,credit-g,1,800,200,20,0.9491296219994184,0.7556853509995562,1.7048149729989746,0.0,1.7048149729989746,264.6604164958294,3.778426754997781,2583.3203125,0.00390625,210.93603515625,,0.7791666666666667,0.8901270338481175,0.6978199870494279,0.1684439331293106,0.5046548247337341,0.85,0.5333333333333333,0.8095238095238095,0.0422572139650583,0.0498318819701671,0.2470787221735174,0.8895280810642778,0.25,0.6714285714285714,0.25,0.6037735849056604,0.8095238095238095,0.5333333333333333,0.85,0.5663716814159292,0.8292682926829268,0.6916666666666667,0.3980335009325598,0.735,0.85,0.4666666666666667,0.7503993093028275,0.755
XGBoost,credit-g,1,800,200,20,11.630845192999914,0.0043071640002381,11.635152357000152,11.459148397999344,23.09430075499949,46434.25547638486,0.0215358200011905,2583.58203125,0.26171875,210.93603515625,,0.7748809523809524,0.8838085491226414,0.6415770609318996,0.1695424914360046,0.5101787447929382,0.9285714285714286,0.3333333333333333,0.7647058823529411,0.0378424277156591,0.0577508387714624,0.1938565786068256,0.8830047842335047,0.1833333333333333,0.6071428571428571,0.1833333333333333,0.6666666666666666,0.7647058823529411,0.3333333333333333,0.9285714285714286,0.4444444444444444,0.8387096774193549,0.6309523809523809,0.3361227822436775,0.85,0.9285714285714286,0.6666666666666666,0.7204301075268817,0.75
LightGBM,credit-g,1,800,200,20,289.8747783079998,0.0028672389998973,289.8776455469997,289.6592079769998,579.5368535239995,69753.49116472916,0.0143361949994869,2584.59765625,1.015625,210.93603515625,,0.7846428571428572,0.887613061235975,0.6662494785148102,0.1667212111710043,0.5039246717717194,0.9214285714285714,0.3833333333333333,0.7771084337349398,0.058418062528166,0.0753773735412811,0.1971627517636097,0.8868956543952691,0.3,0.7642857142857142,0.3,0.6764705882352942,0.7771084337349398,0.3833333333333333,0.9214285714285714,0.4893617021276595,0.8431372549019608,0.6523809523809524,0.3717978035111158,0.83,0.9214285714285714,0.6166666666666667,0.7370045890696705,0.76
CatBoost,credit-g,1,800,200,20,123.89128120799978,0.002283566999722,123.8935647749995,121.91101833599988,245.80458311099937,87582.23973375846,0.0114178349986104,2583.49609375,-1.1015625,210.93603515625,,0.7771428571428571,0.874445202514705,0.7066666666666668,0.1679450020602855,0.5108349571430174,0.9142857142857144,0.4666666666666667,0.8,0.0517792878998116,0.0973348574074157,0.2358731774267362,0.8732260000523974,0.3,0.7357142857142858,0.3,0.7,0.8,0.4666666666666667,0.9142857142857144,0.56,0.8533333333333334,0.6904761904761905,0.4364357804719848,0.8,0.9142857142857144,0.5333333333333333,0.7653333333333333,0.78
MLP,credit-g,1,800,200,20,14.204649603999314,0.0024976200002129,14.207147223999527,14.089696047999496,28.296843271999023,80076.20050558122,0.0124881000010645,2583.515625,0.01953125,210.93603515625,,0.7064285714285714,0.8475607879233578,0.4918699186991869,0.1903505474328994,0.5619147419929504,0.9571428571428572,0.1,0.7127659574468085,0.0484394225478172,0.0857732003927231,0.6340958178043365,0.8464943927051065,0.1666666666666666,0.5142857142857142,0.1666666666666666,0.5,0.7127659574468085,0.1,0.9571428571428572,0.1666666666666666,0.8170731707317073,0.5285714285714286,0.1102635692839942,0.94,0.9571428571428572,0.9,0.621951219512195,0.7
SAP-RPT-1,credit-g,1,800,200,20,3.426919823000389,0.6460494109996944,4.072969234000084,0.0,4.072969234000084,309.57384417539663,3.230247054998472,3014.203125,430.6875,595.490234375,,0.7756547619047619,0.889175770178499,0.6618927625913049,0.1691180169582367,0.5037455558776855,0.8571428571428571,0.45,0.7843137254901961,0.0464180330187082,0.0706589895486831,0.4518812298774719,0.8886198073916475,0.3333333333333333,0.75,0.3333333333333333,0.574468085106383,0.7843137254901961,0.45,0.8571428571428571,0.5046728971962616,0.8191126279863481,0.6535714285714286,0.3319597421337724,0.765,0.8571428571428571,0.55,0.7247807087493221,0.735
TabPFN,credit-g,2,800,200,20,0.7429123319998325,0.7861366330007513,1.5290489650005838,0.0,1.5290489650005838,254.4087011721793,3.930683165003756,2572.26953125,-369.0078125,210.93603515625,,0.7791666666666667,0.8901270338481175,0.6978199870494279,0.1684439331293106,0.5046548247337341,0.85,0.5333333333333333,0.8095238095238095,0.0422572139650583,0.0498318819701671,0.2470787221735174,0.8895280810642778,0.25,0.6714285714285714,0.25,0.6037735849056604,0.8095238095238095,0.5333333333333333,0.85,0.5663716814159292,0.8292682926829268,0.6916666666666667,0.3980335009325598,0.735,0.85,0.4666666666666667,0.7503993093028275,0.755
XGBoost,credit-g,2,800,200,20,8.161029546999998,0.00423978300023,8.165269330000228,8.066347592000056,16.231616922000285,47172.21443100547,0.0211989150011504,2572.26953125,0.0,210.93603515625,,0.785952380952381,0.8910790325002599,0.6514812048792631,0.1655232459306717,0.4997536540031433,0.9285714285714286,0.35,0.7692307692307693,0.0338255026191473,0.0776161805540323,0.3842845658461252,0.8904420148657678,0.2833333333333333,0.7285714285714285,0.2833333333333333,0.6774193548387096,0.7692307692307693,0.35,0.9285714285714286,0.4615384615384615,0.8414239482200647,0.6392857142857142,0.3527378107513292,0.845,0.9285714285714286,0.65,0.7274583022155838,0.755
LightGBM,credit-g,2,800,200,20,227.8167395720002,0.0023784650002198,227.8191180370004,227.75190741499955,455.571025452,84087.81121172685,0.0118923250010993,2572.26953125,0.0,210.93603515625,,0.756547619047619,0.8550060758445863,0.7094430992736077,0.1756367438980228,0.5561406228041113,0.8928571428571429,0.5,0.8064516129032258,0.0735898896870032,0.0938704941864052,0.4187810793434312,0.8525529460645475,0.4,0.85,0.4,0.6666666666666666,0.8064516129032258,0.5,0.8928571428571429,0.5714285714285714,0.847457627118644,0.6964285714285714,0.4311239909182913,0.775,0.8928571428571429,0.5,0.7646489104116222,0.775
CatBoost,credit-g,2,800,200,20,126.50432692100004,0.0023427439991792,126.5066696649992,124.27726326899938,250.78393293399856,85369.93999349907,0.0117137199958961,2572.44140625,0.171875,210.93603515625,,0.7780952380952381,0.8724067286176258,0.6710526315789473,0.1671335476325717,0.5088213420919491,0.9142857142857144,0.4,0.7804878048780488,0.0608478858999491,0.0858277479391119,0.2473463993632822,0.8710293421564306,0.2833333333333333,0.7357142857142858,0.2833333333333333,0.6666666666666666,0.7804878048780488,0.4,0.9142857142857144,0.5,0.8421052631578947,0.6571428571428571,0.3748789971250483,0.82,0.9142857142857144,0.6,0.7394736842105263,0.76
MLP,credit-g,2,800,200,20,9.98416885900042,0.003398197000024,9.987567056000444,9.819578755000292,19.807145811000737,58854.72241422736,0.0169909850001204,2572.44921875,0.0078125,210.93603515625,,0.7227380952380953,0.8740425214806764,0.5849069443026778,0.1963464319705963,0.5785105228424072,0.8642857142857143,0.3,0.7423312883435583,0.1047300517559051,0.1190517151355743,0.3962284326553345,0.8734784556141031,0.2333333333333333,0.6214285714285714,0.2333333333333333,0.4864864864864865,0.7423312883435583,0.3,0.8642857142857143,0.3711340206185567,0.7986798679867987,0.5821428571428572,0.19388525364045,0.815,0.8642857142857143,0.7,0.670416113776326,0.695
SAP-RPT-1,credit-g,2,800,200,20,3.5716564819995256,0.636342988999786,4.207999470999312,0.0,4.207999470999312,314.295911392168,3.18171494499893,3005.65625,433.20703125,595.490234375,,0.7756547619047619,0.889175770178499,0.6618927625913049,0.1691180169582367,0.5037455558776855,0.8571428571428571,0.45,0.7843137254901961,0.0464180330187082,0.0706589895486831,0.4518812298774719,0.8886198073916475,0.3333333333333333,0.75,0.3333333333333333,0.574468085106383,0.7843137254901961,0.45,0.8571428571428571,0.5046728971962616,0.8191126279863481,0.6535714285714286,0.3319597421337724,0.765,0.8571428571428571,0.55,0.7247807087493221,0.735
TabPFN,credit-g,3,800,200,20,0.7025609709999117,0.776999134000107,1.4795601050000189,0.0,1.4795601050000189,257.40054395295107,3.884995670000535,2572.75,0.0,210.93603515625,,0.7791666666666667,0.8901270338481175,0.6978199870494279,0.1684439331293106,0.5046548247337341,0.85,0.5333333333333333,0.8095238095238095,0.0422572139650583,0.0498318819701671,0.2470787221735174,0.8895280810642778,0.25,0.6714285714285714,0.25,0.6037735849056604,0.8095238095238095,0.5333333333333333,0.85,0.5663716814159292,0.8292682926829268,0.6916666666666667,0.3980335009325598,0.735,0.85,0.4666666666666667,0.7503993093028275,0.755
XGBoost,credit-g,3,800,200,20,8.242528335000316,0.0040138590002243,8.24654219400054,8.11991135199969,16.36645354600023,49827.34823556932,0.0200692950011216,2572.75,0.0,210.93603515625,,0.7789285714285715,0.885691860297931,0.6372559479355595,0.1691984981298446,0.5100332498550415,0.9214285714285714,0.3333333333333333,0.7633136094674556,0.0588031259179115,0.0644558256864547,0.1262605881690979,0.8848929780721938,0.15,0.5857142857142857,0.15,0.6451612903225806,0.7633136094674556,0.3333333333333333,0.9214285714285714,0.4395604395604395,0.8349514563106796,0.6273809523809524,0.3225892799178823,0.845,0.9214285714285714,0.6666666666666666,0.7163341512856075,0.745
LightGBM,credit-g,3,800,200,20,395.7725746599999,0.0031165399996098,395.7756911999995,395.46202014200026,791.2377113419998,64173.71054160358,0.015582699998049,2573.30859375,0.55859375,210.93603515625,,0.7571428571428572,0.8614585887628026,0.7104882221344914,0.1752807765660804,0.5685186575836767,0.9071428571428573,0.4833333333333333,0.8037974683544303,0.0998289409052154,0.1117339422213901,0.3965602095677509,0.8601335643456209,0.4,0.8214285714285714,0.4,0.6904761904761905,0.8037974683544303,0.4833333333333333,0.9071428571428573,0.5686274509803921,0.8523489932885906,0.6952380952380952,0.4393200375044474,0.79,0.9071428571428573,0.5166666666666667,0.767232530596131,0.78
CatBoost,credit-g,3,800,200,20,125.79532235100032,0.0022906240001248,125.79761297500043,123.1204829569997,248.9180959320001,87312.41472921264,0.011453120000624,2573.4140625,0.10546875,210.93603515625,,0.7835714285714286,0.876199407734666,0.7152223583562369,0.1656003530665684,0.5050810540775653,0.9142857142857144,0.4833333333333333,0.8050314465408805,0.0545042252173931,0.0984131343844337,0.2756795127278734,0.8748910800687282,0.25,0.7,0.25,0.7073170731707317,0.8050314465408805,0.4833333333333333,0.9142857142857144,0.5742574257425742,0.8561872909698997,0.6988095238095238,0.4513529998313516,0.795,0.9142857142857144,0.5166666666666667,0.7716083314017019,0.785
MLP,credit-g,3,800,200,20,18.96621522499936,0.003526788000272,18.96974201299963,18.77282140100033,37.74256341399996,56708.80792260938,0.0176339400013603,2573.44140625,0.02734375,210.93603515625,,0.623095238095238,0.7925365752704843,0.4117647058823529,0.2068714946508407,0.6037994623184204,1.0,0.0,0.7,0.0687492778897285,0.0687493246793746,0.421018123626709,0.7907383559472771,0.2,0.4214285714285714,0.2,0.0,0.7,0.0,1.0,0.0,0.8235294117647058,0.5,0.0,1.0,1.0,1.0,0.5764705882352941,0.7
SAP-RPT-1,credit-g,3,800,200,20,3.566302309999628,0.6281002529995021,4.19440256299913,0.0,4.19440256299913,318.42050488990657,3.1405012649975106,3010.78125,437.33984375,595.490234375,,0.7756547619047619,0.889175770178499,0.6618927625913049,0.1691180169582367,0.5037455558776855,0.8571428571428571,0.45,0.7843137254901961,0.0464180330187082,0.0706589895486831,0.4518812298774719,0.8886198073916475,0.3333333333333333,0.75,0.3333333333333333,0.574468085106383,0.7843137254901961,0.45,0.8571428571428571,0.5046728971962616,0.8191126279863481,0.6535714285714286,0.3319597421337724,0.765,0.8571428571428571,0.55,0.7247807087493221,0.735
TabPFN,credit-g,4,800,200,20,0.7210185769999953,0.7854320630003713,1.5064506400003663,0.0,1.5064506400003663,254.6369179039595,3.927160315001856,2573.34765625,0.0,210.93603515625,,0.7791666666666667,0.8901270338481175,0.6978199870494279,0.1684439331293106,0.5046548247337341,0.85,0.5333333333333333,0.8095238095238095,0.0422572139650583,0.0498318819701671,0.2470787221735174,0.8895280810642778,0.25,0.6714285714285714,0.25,0.6037735849056604,0.8095238095238095,0.5333333333333333,0.85,0.5663716814159292,0.8292682926829268,0.6916666666666667,0.3980335009325598,0.735,0.85,0.4666666666666667,0.7503993093028275,0.755
XGBoost,credit-g,4,800,200,20,9.739846258999933,0.0041759030000321,9.744022161999965,9.557382072999644,19.30140423499961,47893.82131353152,0.0208795150001606,2573.34765625,0.0,210.93603515625,,0.7611904761904761,0.8730253639464949,0.6523432067862607,0.1717638969421386,0.5177571177482605,0.9142857142857144,0.3666666666666666,0.7710843373493976,0.0614187178015708,0.0987904931604862,0.2542857825756073,0.8721599493925039,0.3333333333333333,0.8,0.3333333333333333,0.6470588235294118,0.7710843373493976,0.3666666666666666,0.9142857142857144,0.4680851063829787,0.8366013071895425,0.6404761904761904,0.3427511001118099,0.83,0.9142857142857144,0.6333333333333333,0.7260464469475734,0.75
LightGBM,credit-g,4,800,200,20,201.82846794099987,0.0032605070000499,201.83172844799992,201.64914056999987,403.4808690179998,61340.13472653157,0.0163025350002499,2573.35546875,0.0078125,210.93603515625,,0.73,0.8480535731589472,0.6393797331410025,0.2361468561549974,1.039494588681961,0.7928571428571428,0.4833333333333333,0.7816901408450704,0.2118533891008958,0.2059365772709277,0.6956332123373345,0.8465391903530135,0.2666666666666666,0.6571428571428571,0.2666666666666666,0.5,0.7816901408450704,0.4833333333333333,0.7928571428571428,0.4915254237288136,0.7872340425531915,0.638095238095238,0.278926754073829,0.71,0.7928571428571428,0.5166666666666667,0.6985214569058781,0.7
CatBoost,credit-g,4,800,200,20,123.74123715800032,0.0022558179998668,123.7434929760002,121.85513968400028,245.59863266000048,88659.59547809692,0.0112790899993342,2573.3203125,-0.03515625,210.93603515625,,0.7778571428571429,0.8789350815553063,0.6567545795243599,0.1674211008858843,0.5062674593797144,0.9214285714285714,0.3666666666666666,0.7724550898203593,0.0468548826949031,0.066177628124006,0.2307870649559051,0.8778556001606723,0.3666666666666666,0.8142857142857143,0.3666666666666666,0.6666666666666666,0.7724550898203593,0.3666666666666666,0.9214285714285714,0.4731182795698925,0.8403908794788274,0.644047619047619,0.3556808780183845,0.835,0.9214285714285714,0.6333333333333333,0.730209099506147,0.755
MLP,credit-g,4,800,200,20,13.45999432500048,0.0031318920000558,13.463126217000536,13.30254989900004,26.765676116000577,63859.14205767432,0.015659460000279,2573.3671875,0.046875,210.93603515625,,0.7635714285714286,0.8759666236487471,0.6904761904761905,0.185489535331726,0.5793547630310059,0.8142857142857143,0.5666666666666667,0.8142857142857143,0.0921166038326918,0.1165332699939608,0.572494717935721,0.8751678513311677,0.2166666666666666,0.7,0.2166666666666666,0.5666666666666667,0.8142857142857143,0.5666666666666667,0.8142857142857143,0.5666666666666667,0.8142857142857143,0.6904761904761905,0.3809523809523809,0.7,0.8142857142857143,0.4333333333333333,0.74,0.74
SAP-RPT-1,credit-g,4,800,200,20,3.573707184000341,0.6226873759997034,4.196394560000044,0.0,4.196394560000044,321.1884605139431,3.113436879998517,3012.9765625,439.609375,595.490234375,,0.7756547619047619,0.889175770178499,0.6618927625913049,0.1691180169582367,0.5037455558776855,0.8571428571428571,0.45,0.7843137254901961,0.0464180330187082,0.0706589895486831,0.4518812298774719,0.8886198073916475,0.3333333333333333,0.75,0.3333333333333333,0.574468085106383,0.7843137254901961,0.45,0.8571428571428571,0.5046728971962616,0.8191126279863481,0.6535714285714286,0.3319597421337724,0.765,0.8571428571428571,0.55,0.7247807087493221,0.735
SAP-RPT-1,diabetes,0,614,154,8,2.8612100889995418,0.2406727799998407,3.1018828689993825,0.0,3.1018828689993825,639.8729401813906,1.5628102597392253,2942.84375,5.921875,595.490234375,,0.8261111111111111,0.6840474744347743,0.7038461538461538,0.1646533608436584,0.4895507097244262,0.5555555555555556,0.84,0.6521739130434783,0.0750283402959247,0.0926052191621297,0.2802633312013414,0.6790990631977211,0.3,0.8518518518518519,0.3,0.7777777777777778,0.6521739130434783,0.84,0.5555555555555556,0.8076923076923077,0.6,0.6977777777777778,0.4123951744684367,0.2987012987012987,0.5555555555555556,0.16,0.7348651348651349,0.7402597402597403
TabPFN,diabetes,1,614,154,8,1.003551356000571,0.7906019560005006,1.7941533120010718,0.0,1.7941533120010718,194.7882858578637,5.133778935068186,2941.8125,0.0078125,210.93603515625,,0.8248148148148149,0.6970900082394251,0.6742307692307692,0.1682317107915878,0.4985732436180115,0.5185185185185185,0.82,0.6086956521739131,0.1086807199693345,0.0999465837300597,0.4057502945264181,0.6927395158344438,0.28,0.8518518518518519,0.28,0.7592592592592593,0.6086956521739131,0.82,0.5185185185185185,0.7884615384615384,0.56,0.6692592592592592,0.3529299526817895,0.2987012987012987,0.5185185185185185,0.18,0.7083516483516483,0.7142857142857143
XGBoost,diabetes,1,614,154,8,5.704372642000635,0.0029187469999669,5.707291389000602,5.629566150000755,11.336857539001358,52762.34878850204,0.0189529025971881,2941.8125,0.0,210.93603515625,,0.8275925925925925,0.7198212952213933,0.7038461538461538,0.1609612554311752,0.483637124300003,0.5555555555555556,0.84,0.6521739130434783,0.0512649907500712,0.0525222033649296,0.1709800601005554,0.7164147135478449,0.31,0.8518518518518519,0.31,0.7777777777777778,0.6521739130434783,0.84,0.5555555555555556,0.8076923076923077,0.6,0.6977777777777778,0.4123951744684367,0.2987012987012987,0.5555555555555556,0.16,0.7348651348651349,0.7402597402597403
LightGBM,diabetes,1,614,154,8,230.13011274899964,0.0023939200000313,230.13250666899967,229.95840530799973,460.09091197699945,64329.60820260267,0.0155449350651386,2941.8125,0.0,210.93603515625,,0.8238888888888889,0.6492285434867384,0.6973270440251573,0.1630937410297187,0.4920715528097631,0.5185185185185185,0.86,0.6666666666666666,0.0925537108608675,0.1060578720154215,0.5536191505813843,0.6407122649301038,0.3,0.8518518518518519,0.3,0.7678571428571429,0.6666666666666666,0.86,0.5185185185185185,0.8113207547169812,0.5833333333333334,0.6892592592592592,0.4055555555555555,0.2727272727272727,0.5185185185185185,0.14,0.7313771134525852,0.7402597402597403
CatBoost,diabetes,1,614,154,8,127.45406873400044,0.0015746750004836,127.45564340900091,125.33596973400016,252.7916131430011,97797.89617209874,0.0102251623408032,2942.9453125,1.1328125,210.93603515625,,0.8164814814814815,0.66597171413846,0.6879663948603905,0.1676163227448374,0.4985715907551718,0.5,0.86,0.6585365853658537,0.0549223412247962,0.0954907034699909,0.6145579897619188,0.6583529350336108,0.32,0.8518518518518519,0.32,0.7610619469026548,0.6585365853658537,0.86,0.5,0.8075117370892019,0.5684210526315789,0.6799999999999999,0.3886585540248189,0.2662337662337662,0.5,0.14,0.7236747438378277,0.7337662337662337
MLP,diabetes,1,614,154,8,13.890639883000404,0.0042891399998552,13.89492902300026,13.725957820000076,27.62088684300033,35904.625193062464,0.0278515584406185,2943.05859375,0.11328125,210.93603515625,,0.8029629629629629,0.6709886645256785,0.6893267651888342,0.1740171611309051,0.5113157033920288,0.5740740740740741,0.8,0.6078431372549019,0.0665611309277546,0.0780241702767935,0.2897297839323679,0.6663152734460087,0.39,0.8888888888888888,0.39,0.7766990291262136,0.6078431372549019,0.8,0.5740740740740741,0.7881773399014779,0.5904761904761905,0.6870370370370371,0.3792720063904721,0.3311688311688311,0.5740740740740741,0.2,0.7188535602328706,0.7207792207792207
SAP-RPT-1,diabetes,1,614,154,8,3.1508991740001875,0.2321827519999715,3.383081926000159,0.0,3.383081926000159,663.2706263071094,1.5076802077920228,2972.15234375,29.09375,595.490234375,,0.8261111111111111,0.6840474744347743,0.7038461538461538,0.1646533608436584,0.4895507097244262,0.5555555555555556,0.84,0.6521739130434783,0.0750283402959247,0.0926052191621297,0.2802633312013414,0.6790990631977211,0.3,0.8518518518518519,0.3,0.7777777777777778,0.6521739130434783,0.84,0.5555555555555556,0.8076923076923077,0.6,0.6977777777777778,0.4123951744684367,0.2987012987012987,0.5555555555555556,0.16,0.7348651348651349,0.7402597402597403
TabPFN,diabetes,2,614,154,8,0.6697732029997496,0.7665000469996812,1.4362732499994308,0.0,1.4362732499994308,200.9132294275656,4.977273032465463,2971.05078125,0.0,210.93603515625,,0.8248148148148149,0.6970900082394251,0.6742307692307692,0.1682317107915878,0.4985732436180115,0.5185185185185185,0.82,0.6086956521739131,0.1086807199693345,0.0999465837300597,0.4057502945264181,0.6927395158344438,0.28,0.8518518518518519,0.28,0.7592592592592593,0.6086956521739131,0.82,0.5185185185185185,0.7884615384615384,0.56,0.6692592592592592,0.3529299526817895,0.2987012987012987,0.5185185185185185,0.18,0.7083516483516483,0.7142857142857143
XGBoost,diabetes,2,614,154,8,6.994258495999929,0.0028572429991982,6.997115738999128,6.930797775999963,13.92791351499909,53898.0920226677,0.0185535259688195,2971.05078125,0.0,210.93603515625,,0.8207407407407408,0.7099743190111777,0.6915033957101675,0.1663138717412948,0.5003826022148132,0.5185185185185185,0.85,0.6511627906976745,0.078147425667032,0.0728398458427422,0.2539490461349487,0.7065732344577872,0.3,0.8518518518518519,0.3,0.7657657657657657,0.6511627906976745,0.85,0.5185185185185185,0.8056872037914692,0.5773195876288659,0.6842592592592592,0.3919769048757483,0.2792207792207792,0.5185185185185185,0.15,0.7256102474747123,0.7337662337662337
LightGBM,diabetes,2,614,154,8,166.2634363549996,0.0024403659999734,166.2658767209996,166.17013743900043,332.43601416,63105.26244686814,0.0158465324673599,2971.05078125,0.0,210.93603515625,,0.8261111111111112,0.6712391994837003,0.7241704374057315,0.1659192699118216,0.5082660764396499,0.6111111111111112,0.83,0.66,0.0733726151852053,0.105291180009674,0.3409218741042656,0.6590534666795592,0.27,0.8148148148148148,0.27,0.7980769230769231,0.66,0.83,0.6111111111111112,0.8137254901960784,0.6346153846153846,0.7205555555555556,0.4495139825554045,0.3246753246753247,0.6111111111111112,0.17,0.7509206479794716,0.7532467532467533
CatBoost,diabetes,2,614,154,8,122.88102323299972,0.0014897830005793,122.8825130160003,121.35937504000049,244.2418880560008,103370.6899390204,0.0096739155881775,2970.6796875,-0.37109375,210.93603515625,,0.8092592592592593,0.654640307053195,0.7006802721088435,0.1697165553533857,0.5038147591000685,0.5370370370370371,0.85,0.6590909090909091,0.049415292650703,0.0679153466029255,0.613915975870828,0.6478935078775443,0.27,0.7592592592592593,0.27,0.7727272727272727,0.6590909090909091,0.85,0.5370370370370371,0.8095238095238095,0.5918367346938775,0.6935185185185185,0.4088149087663384,0.2857142857142857,0.5370370370370371,0.15,0.7331919780899372,0.7402597402597403
MLP,diabetes,2,614,154,8,4.637012881999908,0.0023038709996399,4.639316752999548,4.558520194000266,9.197836946999814,66843.99134329933,0.014960201296363,2970.6796875,0.0,210.93603515625,,0.807962962962963,0.6882636766659824,0.6857142857142857,0.1716018766164779,0.5034137964248657,0.5185185185185185,0.84,0.6363636363636364,0.0650993397144915,0.0802181439788697,0.1894454393121931,0.6844259768877219,0.44,0.925925925925926,0.44,0.7636363636363637,0.6363636363636364,0.84,0.5185185185185185,0.8,0.5714285714285714,0.6792592592592592,0.378691704962503,0.2857142857142857,0.5185185185185185,0.16,0.7198515769944341,0.7272727272727273
SAP-RPT-1,diabetes,2,614,154,8,2.9578607519997604,0.2309111020003911,3.1887718540001515,0.0,3.1887718540001515,666.9233224343446,1.49942274026228,2970.6328125,-0.046875,595.490234375,,0.8261111111111111,0.6840474744347743,0.7038461538461538,0.1646533608436584,0.4895507097244262,0.5555555555555556,0.84,0.6521739130434783,0.0750283402959247,0.0926052191621297,0.2802633312013414,0.6790990631977211,0.3,0.8518518518518519,0.3,0.7777777777777778,0.6521739130434783,0.84,0.5555555555555556,0.8076923076923077,0.6,0.6977777777777778,0.4123951744684367,0.2987012987012987,0.5555555555555556,0.16,0.7348651348651349,0.7402597402597403
TabPFN,diabetes,3,614,154,8,0.6617018280003322,0.7496512580000854,1.4113530860004175,0.0,1.4113530860004175,205.42885528587163,4.867865311688867,2970.45703125,0.0,210.93603515625,,0.8248148148148149,0.6970900082394251,0.6742307692307692,0.1682317107915878,0.4985732436180115,0.5185185185185185,0.82,0.6086956521739131,0.1086807199693345,0.0999465837300597,0.4057502945264181,0.6927395158344438,0.28,0.8518518518518519,0.28,0.7592592592592593,0.6086956521739131,0.82,0.5185185185185185,0.7884615384615384,0.56,0.6692592592592592,0.3529299526817895,0.2987012987012987,0.5185185185185185,0.18,0.7083516483516483,0.7142857142857143
XGBoost,diabetes,3,614,154,8,5.026453767000021,0.0028656630001933,5.029319430000214,4.9921951460000855,10.0215145760003,53739.72663564594,0.0186082012999565,2970.45703125,0.0,210.93603515625,,0.8109259259259259,0.6973094512210425,0.6818181818181819,0.1745874285697937,0.5251816511154175,0.4444444444444444,0.9,0.7058823529411765,0.0866931742661959,0.0799255174669352,0.3269094228744507,0.6936644073655474,0.24,0.7777777777777778,0.24,0.75,0.7058823529411765,0.9,0.4444444444444444,0.8181818181818182,0.5454545454545454,0.6722222222222223,0.396265244237808,0.2207792207792207,0.4444444444444444,0.1,0.7225501770956317,0.7402597402597403
LightGBM,diabetes,3,614,154,8,291.24020610299976,0.0025073259994314,291.2427134289992,291.0314216929992,582.2741351219984,61419.9903063773,0.016281337658646,2970.46484375,0.0078125,210.93603515625,,0.8187037037037036,0.684108701909379,0.7326765188834155,0.1840960118626552,0.6078357026369845,0.6296296296296297,0.83,0.6666666666666666,0.1496981527204446,0.159359037089654,0.5080203240867515,0.6789743133052848,0.31,0.8703703703703703,0.31,0.8058252427184466,0.6666666666666666,0.83,0.6296296296296297,0.8177339901477833,0.6476190476190476,0.7298148148148148,0.4660163959708672,0.3311688311688311,0.6296296296296297,0.17,0.7580832960143304,0.7597402597402597
CatBoost,diabetes,3,614,154,8,121.9694637849998,0.0014511569997921,121.97091494199958,120.7196556050003,242.69057054699988,106122.14522612824,0.0094230974012477,2970.6796875,0.21484375,210.93603515625,,0.8164814814814815,0.6560120134752514,0.7156462585034014,0.1675425267775558,0.4988999379507709,0.5555555555555556,0.86,0.6818181818181818,0.0679788172339492,0.0746872427047072,0.2982761498647679,0.6433913806389194,0.35,0.8703703703703703,0.35,0.7818181818181819,0.6818181818181818,0.86,0.5555555555555556,0.819047619047619,0.6122448979591837,0.7077777777777778,0.4389381125701739,0.2857142857142857,0.5555555555555556,0.14,0.7465323791854404,0.7532467532467533
MLP,diabetes,3,614,154,8,17.046935821999796,0.0031500439999945,17.05008586599979,16.808138164999946,33.858224030999736,48888.19048625266,0.0204548311687956,2970.69921875,0.01953125,210.93603515625,,0.8150000000000001,0.6822550612027054,0.7005555555555556,0.1729874312877655,0.5176569819450378,0.6111111111111112,0.79,0.6111111111111112,0.0869607219061294,0.1118784715941587,0.3773096799850464,0.6770981308011536,0.29,0.8333333333333334,0.29,0.79,0.6111111111111112,0.79,0.6111111111111112,0.79,0.6111111111111112,0.7005555555555556,0.4011111111111111,0.3506493506493506,0.6111111111111112,0.21,0.7272727272727273,0.7272727272727273
SAP-RPT-1,diabetes,3,614,154,8,2.8024721879992285,0.224785743999746,3.0272579319989745,0.0,3.0272579319989745,685.0968240898638,1.459647688310039,2941.53515625,-29.1640625,595.490234375,,0.8261111111111111,0.6840474744347743,0.7038461538461538,0.1646533608436584,0.4895507097244262,0.5555555555555556,0.84,0.6521739130434783,0.0750283402959247,0.0926052191621297,0.2802633312013414,0.6790990631977211,0.3,0.8518518518518519,0.3,0.7777777777777778,0.6521739130434783,0.84,0.5555555555555556,0.8076923076923077,0.6,0.6977777777777778,0.4123951744684367,0.2987012987012987,0.5555555555555556,0.16,0.7348651348651349,0.7402597402597403
TabPFN,diabetes,4,614,154,8,0.6607529190005152,0.7697278010000446,1.4304807200005598,0.0,1.4304807200005598,200.0707257810484,4.998232474026263,2941.44921875,0.0,210.93603515625,,0.8248148148148149,0.6970900082394251,0.6742307692307692,0.1682317107915878,0.4985732436180115,0.5185185185185185,0.82,0.6086956521739131,0.1086807199693345,0.0999465837300597,0.4057502945264181,0.6927395158344438,0.28,0.8518518518518519,0.28,0.7592592592592593,0.6086956521739131,0.82,0.5185185185185185,0.7884615384615384,0.56,0.6692592592592592,0.3529299526817895,0.2987012987012987,0.5185185185185185,0.18,0.7083516483516483,0.7142857142857143
XGBoost,diabetes,4,614,154,8,7.06918122299976,0.0027443879998827,7.071925610999642,7.02071216999957,14.092637780999212,56114.49397537288,0.0178207012979399,2941.44921875,0.0,210.93603515625,,0.8272222222222222,0.705273229224755,0.7334615384615384,0.1605128347873687,0.4824424982070923,0.5925925925925926,0.86,0.6956521739130435,0.0738812678965268,0.0714440496710987,0.2662820030342449,0.7010398258099799,0.29,0.8518518518518519,0.29,0.7962962962962963,0.6956521739130435,0.86,0.5925925925925926,0.8269230769230769,0.64,0.7262962962962962,0.4718603962550839,0.2987012987012987,0.5925925925925926,0.14,0.7613786213786214,0.7662337662337663
LightGBM,diabetes,4,614,154,8,132.77113835900036,0.0027328400001351,132.7738711990005,132.64722461900055,265.42109581800105,56351.61357443853,0.0177457142865921,2941.57421875,0.125,210.93603515625,,0.7859259259259259,0.6493483045968965,0.7005555555555556,0.2287198962519718,1.1943357101877368,0.6111111111111112,0.79,0.6111111111111112,0.2230867442536822,0.2247370657955257,0.5121455676378875,0.6436333915498994,0.25,0.7777777777777778,0.25,0.79,0.6111111111111112,0.79,0.6111111111111112,0.79,0.6111111111111112,0.7005555555555556,0.4011111111111111,0.3506493506493506,0.6111111111111112,0.21,0.7272727272727273,0.7272727272727273
CatBoost,diabetes,4,614,154,8,122.92434235200017,0.0014582670000891,122.92580061900026,122.05330151500038,244.97910213400064,105604.73108549988,0.0094692662343448,2942.26953125,0.6953125,210.93603515625,,0.8062962962962963,0.6889177012079987,0.6979958865451763,0.1695184798436895,0.5052971288697329,0.5555555555555556,0.83,0.6382978723404256,0.0717950629524428,0.0738039978154687,0.2110523681641598,0.6849452359301649,0.37,0.8518518518518519,0.37,0.7757009345794392,0.6382978723404256,0.83,0.5555555555555556,0.8019323671497585,0.594059405940594,0.6927777777777777,0.399524141950553,0.3051948051948052,0.5555555555555556,0.17,0.7290418482842073,0.7337662337662337
MLP,diabetes,4,614,154,8,5.580284926999411,0.0031777520007381,5.583462679000149,5.429800821999379,11.013263500999528,48461.91631767157,0.0206347532515461,2942.26953125,0.0,210.93603515625,,0.8246296296296296,0.7129160790361104,0.6745169082125604,0.162728726863861,0.4848741888999939,0.4629629629629629,0.87,0.6578947368421053,0.0791136810991477,0.1169863486928599,0.6133206486701965,0.7095331309169766,0.3,0.8703703703703703,0.3,0.75,0.6578947368421053,0.87,0.4629629629629629,0.8055555555555556,0.5434782608695652,0.6664814814814815,0.3685292934841753,0.2467532467532467,0.4629629629629629,0.13,0.7136583223539745,0.7272727272727273
SAP-RPT-1,diabetes,4,614,154,8,2.866832120000254,0.2233567479997873,3.090188868000041,0.0,3.090188868000041,689.4799494066178,1.4503684935051124,2942.23046875,-0.0390625,595.490234375,,0.8261111111111111,0.6840474744347743,0.7038461538461538,0.1646533608436584,0.4895507097244262,0.5555555555555556,0.84,0.6521739130434783,0.0750283402959247,0.0926052191621297,0.2802633312013414,0.6790990631977211,0.3,0.8518518518518519,0.3,0.7777777777777778,0.6521739130434783,0.84,0.5555555555555556,0.8076923076923077,0.6,0.6977777777777778,0.4123951744684367,0.2987012987012987,0.5555555555555556,0.16,0.7348651348651349,0.7402597402597403
SAP-RPT-1,spambase,0,3680,921,57,11.518439342999043,11.79021659099999,23.308655933999034,0.0,23.308655933999034,78.11561329797162,12.801538100977188,2976.7578125,9.09765625,595.490234375,,0.9892176900974554,0.9840379676998584,0.9475564468211528,0.0368453711271286,0.1319630891084671,0.928374655647383,0.96415770609319,0.9439775910364144,0.0164216831569174,0.0204992022175224,0.5496213436126709,0.9840222573152676,0.039426523297491,0.9476584022038568,0.039426523297491,0.953900709219858,0.9439775910364144,0.96415770609319,0.928374655647383,0.9590017825311944,0.9361111111111112,0.9462661808702864,0.8952013404164129,0.3876221498371335,0.928374655647383,0.03584229390681,0.9499797263688812,0.9500542888165038
TabPFN,spambase,1,3680,921,57,0.6500299700001051,3.5410726579993934,4.1911026279994985,0.0,4.1911026279994985,260.09068118366383,3.844812875135063,2975.6640625,0.0,210.93603515625,,0.9912418416817244,0.984311877513477,0.9556027721847083,0.0316748134791851,0.116850197315216,0.9421487603305784,0.967741935483871,0.95,0.0125423089937831,0.020262349012685,0.3153871181938383,0.9842801489733168,0.0663082437275985,0.9834710743801652,0.0663082437275985,0.962566844919786,0.95,0.967741935483871,0.9421487603305784,0.96514745308311,0.946058091286307,0.9549453479072249,0.911227787932996,0.3908794788273615,0.9421487603305784,0.032258064516129,0.9576236329612432,0.9576547231270358
XGBoost,spambase,1,3680,921,57,39.24033572999906,0.0084417839989328,39.24877751399799,38.57486831200004,77.82364582599803,109100.1488567206,0.0091658892496555,2975.6640625,0.0,210.93603515625,,0.9878600274494704,0.9804430721395956,0.944218867616685,0.0384818725287914,0.1349455118179321,0.928374655647383,0.9587813620071683,0.9361111111111112,0.0143169452973219,0.020538945129216,0.3436933954556783,0.9804041409460356,0.0197132616487455,0.9118457300275482,0.0197132616487455,0.9536541889483066,0.9361111111111112,0.9587813620071683,0.928374655647383,0.9562109025915996,0.9322268326417704,0.9435780088272756,0.8884597009701227,0.3908794788273615,0.928374655647383,0.0412186379928315,0.9467578978231002,0.9467969598262758
LightGBM,spambase,1,3680,921,57,566.6933936749992,0.0058373480005684,566.6992310229998,566.1269628000009,1132.8261938230007,157777.10051434493,0.0063380542894337,2975.64453125,-0.01953125,210.93603515625,,0.9847694935671476,0.9771695484981008,0.9335365550191608,0.0474660165065332,0.1839498942795649,0.8980716253443526,0.9623655913978496,0.9394812680115274,0.058112260179416,0.0644069383813832,0.3175708188251845,0.9771305764368804,0.068100358422939,0.9449035812672176,0.068100358422939,0.9355400696864112,0.9394812680115274,0.9623655913978496,0.8980716253443526,0.9487632508833922,0.9183098591549296,0.930218608371101,0.8676986368543245,0.3767643865363735,0.8980716253443526,0.0376344086021505,0.9367604482803176,0.9370249728555916
CatBoost,spambase,1,3680,921,57,123.12219039699994,0.0044270250000408,123.12661742199998,121.6262241860004,244.7528416080004,208040.3413016988,0.0048067589576991,2977.4375,1.79296875,210.93603515625,,0.9858605606406192,0.9789445547804272,0.9487724294438944,0.0400873458242357,0.1527867461450887,0.9338842975206612,0.9623655913978496,0.9416666666666668,0.0244185693470419,0.0254917997889272,0.5571313742233218,0.9789020371971634,0.028673835125448,0.928374655647383,0.028673835125448,0.9572192513368984,0.9416666666666668,0.9623655913978496,0.9338842975206612,0.9597855227882036,0.9377593360995852,0.9481249444592552,0.897566935755272,0.3908794788273615,0.9338842975206612,0.0376344086021505,0.9511041918783574,0.9511400651465798
MLP,spambase,1,3680,921,57,33.83052807600143,0.0040852160000213,33.83461329200145,32.93101762900005,66.7656309210015,225447.02031622644,0.0044356308360709,2977.54296875,0.05859375,210.93603515625,,0.9809631011977054,0.9713114351386528,0.9299126106401692,0.0510356202721595,0.1888037472963333,0.8870523415977961,0.96415770609319,0.9415204678362572,0.0326756277525075,0.0371398151104907,0.4598521590232849,0.9712642826452592,0.0770609318996415,0.9476584022038568,0.0770609318996415,0.929188255613126,0.9415204678362572,0.96415770609319,0.8870523415977961,0.9463500439753738,0.9134751773049644,0.925605023845493,0.860904183990476,0.3713355048859935,0.8870523415977961,0.03584229390681,0.93339284896847,0.9337676438653636
SAP-RPT-1,spambase,1,3680,921,57,11.270194810000248,11.900790013000003,23.170984823000254,0.0,23.170984823000254,77.38982024861728,12.92159610532031,2968.65234375,-9.015625,595.490234375,,0.9892176900974554,0.9840379676998584,0.9475564468211528,0.0368453711271286,0.1319630891084671,0.928374655647383,0.96415770609319,0.9439775910364144,0.0164216831569174,0.0204992022175224,0.5496213436126709,0.9840222573152676,0.039426523297491,0.9476584022038568,0.039426523297491,0.953900709219858,0.9439775910364144,0.96415770609319,0.928374655647383,0.9590017825311944,0.9361111111111112,0.9462661808702864,0.8952013404164129,0.3876221498371335,0.928374655647383,0.03584229390681,0.9499797263688812,0.9500542888165038
TabPFN,spambase,2,3680,921,57,0.6136437339991971,3.5069267399994715,4.120570473998669,0.0,4.120570473998669,262.6231079288288,3.807738045602032,2967.90234375,0.0,210.93603515625,,0.9912418416817244,0.984311877513477,0.9556027721847083,0.0316748134791851,0.116850197315216,0.9421487603305784,0.967741935483871,0.95,0.0125423089937831,0.020262349012685,0.3153871181938383,0.9842801489733168,0.0663082437275985,0.9834710743801652,0.0663082437275985,0.962566844919786,0.95,0.967741935483871,0.9421487603305784,0.96514745308311,0.946058091286307,0.9549453479072249,0.911227787932996,0.3908794788273615,0.9421487603305784,0.032258064516129,0.9576236329612432,0.9576547231270358
XGBoost,spambase,2,3680,921,57,25.309269398998367,0.0066938069994648,25.315963205997832,25.005807330000607,50.32177053599844,137589.84423718587,0.007267977198116,2967.90234375,0.0,210.93603515625,,0.9873515210758612,0.979159547270637,0.9464429545148044,0.0381917655467987,0.1359997689723968,0.928374655647383,0.9623655913978496,0.9413407821229052,0.0135803753661798,0.0167728873054687,0.2794320384661357,0.9791073630556166,0.046594982078853,0.9449035812672176,0.046594982078853,0.9538188277087034,0.9413407821229052,0.9623655913978496,0.928374655647383,0.9580731489741302,0.9348127600554784,0.9453701235226162,0.8929471944109129,0.3887079261672095,0.928374655647383,0.0376344086021505,0.9489053735371372,0.9489685124864278
LightGBM,spambase,2,3680,921,57,289.03194178800004,0.003406403999179,289.0353481919992,288.89974690800045,577.9350950999997,270373.01795352314,0.0036985928329848,2967.90234375,0.0,210.93603515625,,0.986349319193894,0.9791407526141852,0.9441639313026684,0.0415226509628453,0.1448003934453154,0.9256198347107438,0.9605734767025088,0.9385474860335196,0.0259050923695156,0.0224420728009657,0.4498306892912828,0.9791005022968514,0.039426523297491,0.928374655647383,0.039426523297491,0.9520426287744228,0.9385474860335196,0.9605734767025088,0.9256198347107438,0.9562890276538804,0.9320388349514565,0.9430966557066264,0.8883889930394001,0.3887079261672095,0.9256198347107438,0.039426523297491,0.9467311341131855,0.9467969598262758
CatBoost,spambase,2,3680,921,57,124.59237923699948,0.0052819349984929,124.59766117199796,121.58417743099926,246.18183860299723,174367.88334102917,0.0057349999983636,2974.203125,6.30078125,210.93603515625,,0.9866331941112,0.9801071768860604,0.9497355547396727,0.0376611626049628,0.1360600360094994,0.9256198347107438,0.9695340501792116,0.9518413597733713,0.0106823962237196,0.0167457983039607,0.3735644147517254,0.9800737651150156,0.0197132616487455,0.9201101928374656,0.0197132616487455,0.9524647887323944,0.9518413597733713,0.9695340501792116,0.9256198347107438,0.960923623445826,0.9385474860335196,0.9475769424449776,0.8997183792525352,0.3832790445168295,0.9256198347107438,0.0304659498207885,0.9521043640748518,0.9522258414766558
MLP,spambase,2,3680,921,57,35.50254072799908,0.0059020129992859,35.50844274099836,34.283606488999794,69.79204922999816,156048.42687791443,0.0064082660144255,2974.3125,0.09375,210.93603515625,,0.9797732950225618,0.9687955888601112,0.931925692322854,0.0525181256234645,0.1945544481277465,0.9228650137741048,0.942652329749104,0.9128065395095368,0.0322312618950614,0.037217527791255,0.3253435889879862,0.9687307520143064,0.0448028673835125,0.9118457300275482,0.0448028673835125,0.9494584837545126,0.9128065395095368,0.942652329749104,0.9228650137741048,0.946043165467626,0.9178082191780822,0.9327586717616044,0.8638896528773091,0.3984799131378936,0.9228650137741048,0.057347670250896,0.934914733868164,0.9348534201954396
SAP-RPT-1,spambase,2,3680,921,57,11.995999255999775,11.976821767000729,23.972821023000503,0.0,23.972821023000503,76.89853099932546,13.004149584148456,2974.98828125,-0.0234375,595.490234375,,0.9892176900974554,0.9840379676998584,0.9475564468211528,0.0368453711271286,0.1319630891084671,0.928374655647383,0.96415770609319,0.9439775910364144,0.0164216831569174,0.0204992022175224,0.5496213436126709,0.9840222573152676,0.039426523297491,0.9476584022038568,0.039426523297491,0.953900709219858,0.9439775910364144,0.96415770609319,0.928374655647383,0.9590017825311944,0.9361111111111112,0.9462661808702864,0.8952013404164129,0.3876221498371335,0.928374655647383,0.03584229390681,0.9499797263688812,0.9500542888165038
TabPFN,spambase,3,3680,921,57,0.6405661140015582,3.529406841000309,4.169972955001867,0.0,4.169972955001867,260.9503639648464,3.83214640716646,2971.92578125,0.0,210.93603515625,,0.9912418416817244,0.984311877513477,0.9556027721847083,0.0316748134791851,0.116850197315216,0.9421487603305784,0.967741935483871,0.95,0.0125423089937831,0.020262349012685,0.3153871181938383,0.9842801489733168,0.0663082437275985,0.9834710743801652,0.0663082437275985,0.962566844919786,0.95,0.967741935483871,0.9421487603305784,0.96514745308311,0.946058091286307,0.9549453479072249,0.911227787932996,0.3908794788273615,0.9421487603305784,0.032258064516129,0.9576236329612432,0.9576547231270358
XGBoost,spambase,3,3680,921,57,33.845338660999914,0.0063496980001218,33.85168835900004,33.52940864700031,67.38109700600035,145046.24549641242,0.0068943517916632,2971.92578125,0.0,210.93603515625,,0.9874206384470314,0.9812765179009596,0.940889836784265,0.0389658994972705,0.1370729953050613,0.928374655647383,0.953405017921147,0.928374655647383,0.0142712890333319,0.0149858697488434,0.3413980801900228,0.9812455767705738,0.032258064516129,0.928374655647383,0.032258064516129,0.953405017921147,0.928374655647383,0.953405017921147,0.928374655647383,0.953405017921147,0.928374655647383,0.940889836784265,0.8817796735685298,0.3941368078175896,0.928374655647383,0.046594982078853,0.9435396308360476,0.9435396308360476
LightGBM,spambase,3,3680,921,57,577.2568221860001,0.0053698090014222,577.2621919950016,576.6269468760001,1153.8891388710017,171514.44832425407,0.0058304115107733,2971.91015625,-0.01953125,210.93603515625,,0.987247845019106,0.9804603082446928,0.9476083300356154,0.0379065427564511,0.1350948076616848,0.931129476584022,0.9623655913978496,0.9415041782729804,0.0103078886440449,0.0163582408956097,0.3742456504867936,0.98042454156001,0.053763440860215,0.953168044077135,0.053763440860215,0.9555160142348754,0.9415041782729804,0.9623655913978496,0.931129476584022,0.9589285714285716,0.9362880886426592,0.9467475339909356,0.895255895197523,0.3897937024972855,0.931129476584022,0.0376344086021505,0.9500051238158832,0.9500542888165038
CatBoost,spambase,3,3680,921,57,125.86718203999952,0.0049984920005954,125.87218053200012,124.26731575299893,250.13949628499904,184255.53459618488,0.0054272443003207,2969.16796875,-2.7421875,210.93603515625,,0.986490022413776,0.9792711695688512,0.947659593393886,0.0396212065548664,0.1409307421847739,0.9338842975206612,0.9605734767025088,0.9390581717451524,0.0099106250346053,0.0190852480359385,0.340698334703049,0.9792322414844714,0.0412186379928315,0.9366391184573004,0.0412186379928315,0.9571428571428572,0.9390581717451524,0.9605734767025088,0.9338842975206612,0.958855098389982,0.93646408839779,0.947228887111585,0.895328977279125,0.3919652551574376,0.9338842975206612,0.039426523297491,0.9500299771878478,0.9500542888165038
MLP,spambase,3,3680,921,57,29.493767043000844,0.0047432649989787,29.498510307999823,28.593955214000744,58.092465522000566,194170.0086392593,0.005150124863169,2969.26171875,0.01953125,210.93603515625,,0.9810692457320024,0.965752148084352,0.9340694333362956,0.0494965873658657,0.1992491036653518,0.9201101928374656,0.9480286738351256,0.9201101928374656,0.0359527478247363,0.0314312554272973,0.4355282584826151,0.9653217399208012,0.0376344086021505,0.9146005509641874,0.0376344086021505,0.9480286738351256,0.9201101928374656,0.9480286738351256,0.9201101928374656,0.9480286738351256,0.9201101928374656,0.9340694333362956,0.868138866672591,0.3941368078175896,0.9201101928374656,0.0519713261648745,0.9370249728555916,0.9370249728555916
SAP-RPT-1,spambase,3,3680,921,57,11.254638247000912,11.921381185000428,23.17601943200134,0.0,23.17601943200134,77.25614890005808,12.943953512486893,2973.734375,4.47265625,595.490234375,,0.9892176900974554,0.9840379676998584,0.9475564468211528,0.0368453711271286,0.1319630891084671,0.928374655647383,0.96415770609319,0.9439775910364144,0.0164216831569174,0.0204992022175224,0.5496213436126709,0.9840222573152676,0.039426523297491,0.9476584022038568,0.039426523297491,0.953900709219858,0.9439775910364144,0.96415770609319,0.928374655647383,0.9590017825311944,0.9361111111111112,0.9462661808702864,0.8952013404164129,0.3876221498371335,0.928374655647383,0.03584229390681,0.9499797263688812,0.9500542888165038
TabPFN,spambase,4,3680,921,57,0.6472664430002624,3.52224929699878,4.169515739999042,0.0,4.169515739999042,261.4806398068644,3.824374915308121,2972.98046875,0.0,210.93603515625,,0.9912418416817244,0.984311877513477,0.9556027721847083,0.0316748134791851,0.116850197315216,0.9421487603305784,0.967741935483871,0.95,0.0125423089937831,0.020262349012685,0.3153871181938383,0.9842801489733168,0.0663082437275985,0.9834710743801652,0.0663082437275985,0.962566844919786,0.95,0.967741935483871,0.9421487603305784,0.96514745308311,0.946058091286307,0.9549453479072249,0.911227787932996,0.3908794788273615,0.9421487603305784,0.032258064516129,0.9576236329612432,0.9576547231270358
XGBoost,spambase,4,3680,921,57,42.949009881000165,0.0075249879992043,42.95653486899937,42.31156123300025,85.26809610199962,122392.2055032088,0.008170453853642,2972.98046875,0.0,210.93603515625,,0.9872626558843568,0.9806758064269046,0.945276292335116,0.0385857447981834,0.1361188888549804,0.9256198347107438,0.9623655913978496,0.9411764705882352,0.0145576452810102,0.0239367303291859,0.6332747340202332,0.9806411191631436,0.057347670250896,0.953168044077135,0.057347670250896,0.952127659574468,0.9411764705882352,0.9623655913978496,0.9256198347107438,0.9572192513368984,0.9333333333333332,0.9439927130542968,0.8906408078833432,0.3876221498371335,0.9256198347107438,0.0376344086021505,0.9478049318631806,0.9478827361563518
LightGBM,spambase,4,3680,921,57,381.9671726339984,0.0070799960012664,381.9742526299997,381.5144179360013,763.488670566001,130084.80086012176,0.0076872920752078,2977.07421875,4.09375,210.93603515625,,0.9811803272213828,0.9754660942738618,0.944218867616685,0.0467144971079475,0.3431603735384516,0.928374655647383,0.9587813620071683,0.9361111111111112,0.0449732289586329,0.0473884168953437,0.924595798729699,0.9764027236609112,0.0412186379928315,0.9421487603305784,0.0412186379928315,0.9536541889483066,0.9361111111111112,0.9587813620071683,0.928374655647383,0.9562109025915996,0.9322268326417704,0.9435780088272756,0.8884597009701227,0.3908794788273615,0.928374655647383,0.0412186379928315,0.9467578978231002,0.9467969598262758
CatBoost,spambase,4,3680,921,57,122.0762896640008,0.005018891999498,122.0813085560003,120.73075384799996,242.81206240400024,183506.6019722115,0.0054493941362627,2977.59375,0.51953125,210.93603515625,,0.9865344550095284,0.9777753147965076,0.9510010009390764,0.0372481777380286,0.1361304702539419,0.9338842975206612,0.9659498207885304,0.946927374301676,0.0151572033883582,0.0187251110586402,0.3229330070831686,0.9777153607112816,0.021505376344086,0.9256198347107438,0.021505376344086,0.9573712255772646,0.946927374301676,0.9659498207885304,0.9338842975206612,0.9616413916146298,0.9403606102635228,0.9499170591545958,0.9020635971539384,0.3887079261672095,0.9338842975206612,0.0340501792114695,0.9532538523850403,0.9533116178067318
MLP,spambase,4,3680,921,57,32.52343526599907,0.0053388989999803,32.52877416499905,30.8352432269985,63.36401739199755,172507.44535454834,0.005796850162845,2977.63671875,0.01953125,210.93603515625,,0.9812296967722188,0.9717315491519726,0.9323550318250908,0.0487195402383804,0.1987174153327942,0.8953168044077136,0.9623655913978496,0.9393063583815028,0.0296493511278906,0.0338369484042322,0.3411098718643188,0.9716788222266762,0.0483870967741935,0.931129476584022,0.0483870967741935,0.9339130434782608,0.9393063583815028,0.9623655913978496,0.8953168044077136,0.9479258605472196,0.916784203102962,0.9288411979027816,0.8654160321203802,0.3756786102062975,0.8953168044077136,0.0376344086021505,0.9356517870919911,0.9359391965255156
SAP-RPT-1,spambase,4,3680,921,57,11.325277744999768,11.83217686200078,23.157454607000545,0.0,23.157454607000545,77.83859307241826,12.847097570033418,2973.09765625,-4.5390625,595.490234375,,0.9892176900974554,0.9840379676998584,0.9475564468211528,0.0368453711271286,0.1319630891084671,0.928374655647383,0.96415770609319,0.9439775910364144,0.0164216831569174,0.0204992022175224,0.5496213436126709,0.9840222573152676,0.039426523297491,0.9476584022038568,0.039426523297491,0.953900709219858,0.9439775910364144,0.96415770609319,0.928374655647383,0.9590017825311944,0.9361111111111112,0.9462661808702864,0.8952013404164129,0.3876221498371335,0.928374655647383,0.03584229390681,0.9499797263688812,0.9500542888165038
SAP-RPT-1,banknote-auth,0,1097,275,4,3.136030847999791,0.2479058230001101,3.3839366709999013,0.0,3.3839366709999013,1109.29221251324,0.9014757200004004,2681.40625,54.875,595.490234375,,1.0,1.0,1.0,3.3258809595260164e-10,4.684007308242144e-06,1.0,1.0,1.0,4.691860121552468e-06,4.691860121552468e-06,8.702278137207031e-06,1.0,0.0,1.0,0.0,1.0,1.0,1.0,1.0,1.0,1.0,1.0,1.0,0.4436363636363636,1.0,0.0,1.0,1.0
TabPFN,banknote-auth,1,1097,275,4,0.6095668449997902,0.675099666999813,1.2846665119996032,0.0,1.2846665119996032,407.3472600197993,2.45490787999932,2621.8671875,0.0,210.93603515625,,1.0,1.0,1.0,1.6878543007692315e-10,1.2995198630960658e-05,1.0,1.0,1.0,1.3039938352118372e-05,1.3039938352118372e-05,1.3113021850585938e-05,1.0,0.0,1.0,0.0,1.0,1.0,1.0,1.0,1.0,1.0,1.0,1.0,0.4436363636363636,1.0,0.0,1.0,1.0
XGBoost,banknote-auth,1,1097,275,4,6.140168869000263,0.0027738740009226,6.142942743001186,6.050448793001124,12.19339153600231,99139.29067046211,0.0100868145488096,2621.8671875,0.0,210.93603515625,,1.0,1.0,0.9963198394111744,0.0010638979729264,0.0065415170975029,1.0,0.9934640522875816,0.991869918699187,0.0057208065891807,0.0057208065891807,0.5206961035728455,1.0,0.0,1.0,0.0,1.0,0.991869918699187,0.9934640522875816,1.0,0.99672131147541,0.9959183673469388,0.9967320261437908,0.9926666654889992,0.4472727272727272,1.0,0.0065359477124183,0.9963650962620518,0.9963636363636365
LightGBM,banknote-auth,1,1097,275,4,4.851738811999894,0.0020788029996765,4.853817614999571,4.799471623999125,9.653289238998696,132287.60385432575,0.0075592836351874,2621.8671875,0.0,210.93603515625,,1.0,1.0,0.9963198394111744,0.0022533738237555,0.0056740489424533,1.0,0.9934640522875816,0.991869918699187,0.0029102445245937,0.0029102445245937,0.787147276004457,1.0,0.0,1.0,0.0,1.0,0.991869918699187,0.9934640522875816,1.0,0.99672131147541,0.9959183673469388,0.9967320261437908,0.9926666654889992,0.4472727272727272,1.0,0.0065359477124183,0.9963650962620518,0.9963636363636365
CatBoost,banknote-auth,1,1097,275,4,124.51533340000242,0.0012496249983087,124.51658302500071,123.1243399569994,247.6409229820001,220065.843998279,0.0045440909029407,2620.6953125,-1.171875,210.93603515625,,0.999946426658095,0.9999333599893376,0.9963198394111744,0.0035344494438098,0.015804394195238,1.0,0.9934640522875816,0.991869918699187,0.0037851743583025,0.0037851743583025,0.0074942095764948,0.9999330868745396,0.0065359477124183,1.0,0.0065359477124183,1.0,0.991869918699187,0.9934640522875816,1.0,0.99672131147541,0.9959183673469388,0.9967320261437908,0.9926666654889992,0.4472727272727272,1.0,0.0065359477124183,0.9963650962620518,0.9963636363636365
MLP,banknote-auth,1,1097,275,4,7.310278320997895,0.002961870002764,7.313240191000659,7.046956946000137,14.360197137000796,92846.71741050422,0.0107704363736874,2620.6953125,0.0,210.93603515625,,1.0,1.0,1.0,0.0015801058616489,0.0109598701819777,1.0,1.0,1.0,0.0099991266361691,0.00999910520686,0.3633816242218017,1.0,0.0,1.0,0.0,1.0,1.0,1.0,1.0,1.0,1.0,1.0,1.0,0.4436363636363636,1.0,0.0,1.0,1.0
SAP-RPT-1,banknote-auth,1,1097,275,4,3.072047465000651,0.260860546000913,3.332908011001564,0.0,3.332908011001564,1054.203110288799,0.9485838036396836,2693.80078125,73.10546875,595.490234375,,1.0,1.0,1.0,3.3258809595260164e-10,4.684007308242144e-06,1.0,1.0,1.0,4.691860121552468e-06,4.691860121552468e-06,8.702278137207031e-06,1.0,0.0,1.0,0.0,1.0,1.0,1.0,1.0,1.0,1.0,1.0,1.0,0.4436363636363636,1.0,0.0,1.0,1.0
TabPFN,banknote-auth,2,1097,275,4,0.6041305239996291,0.6409562510016258,1.2450867750012549,0.0,1.2450867750012549,429.046442937735,2.3307500036422755,2620.4296875,0.0,210.93603515625,,1.0,1.0,1.0,1.6878543007692315e-10,1.2995198630960658e-05,1.0,1.0,1.0,1.3039938352118372e-05,1.3039938352118372e-05,1.3113021850585938e-05,1.0,0.0,1.0,0.0,1.0,1.0,1.0,1.0,1.0,1.0,1.0,1.0,0.4436363636363636,1.0,0.0,1.0,1.0
XGBoost,banknote-auth,2,1097,275,4,5.592905346002226,0.0025974849995691,5.595502831001795,5.5026898910000455,11.09819272200184,105871.60048047097,0.0094453999984332,2620.4296875,0.0,210.93603515625,,1.0,1.0,0.9963198394111744,0.0022092245053499,0.0097378147765994,1.0,0.9934640522875816,0.991869918699187,0.0074030384150418,0.0074030288782986,0.7412062287330627,1.0,0.0,1.0,0.0,1.0,0.991869918699187,0.9934640522875816,1.0,0.99672131147541,0.9959183673469388,0.9967320261437908,0.9926666654889992,0.4472727272727272,1.0,0.0065359477124183,0.9963650962620518,0.9963636363636365
LightGBM,banknote-auth,2,1097,275,4,6.027382632000808,0.0016793459981272,6.029061977998936,5.99095037799998,12.020012355998915,163754.12604224807,0.0061067127204627,2620.4296875,0.0,210.93603515625,,1.0,1.0,0.9963198394111744,0.0031301283610438,0.0095735456192561,1.0,0.9934640522875816,0.991869918699187,0.0033619901041598,0.0033908374322242,0.9277784636234038,1.0,0.0,1.0,0.0,1.0,0.991869918699187,0.9934640522875816,1.0,0.99672131147541,0.9959183673469388,0.9967320261437908,0.9926666654889992,0.4472727272727272,1.0,0.0065359477124183,0.9963650962620518,0.9963636363636365
CatBoost,banknote-auth,2,1097,275,4,126.86668894000104,0.0012232649969519,126.867912204998,124.75377060399842,251.6216828089964,224808.0145162497,0.0044482363525524,2622.3828125,1.953125,210.93603515625,,0.9997321332904748,0.999661246228688,0.9963198394111744,0.0036320783279136,0.0229430434254329,1.0,0.9934640522875816,0.991869918699187,0.0039593735551686,0.0039593735551686,0.0075285743226536,0.9996598343640553,0.0065359477124183,1.0,0.0065359477124183,1.0,0.991869918699187,0.9934640522875816,1.0,0.99672131147541,0.9959183673469388,0.9967320261437908,0.9926666654889992,0.4472727272727272,1.0,0.0065359477124183,0.9963650962620518,0.9963636363636365
MLP,banknote-auth,2,1097,275,4,6.440366659000574,0.0029014749998168,6.443268134000391,6.214893222997489,12.65816135699788,94779.34679361756,0.0105508181811522,2622.3828125,0.0,210.93603515625,,1.0,1.0,0.9963198394111744,0.0062725380994379,0.0243255570530891,1.0,0.9934640522875816,0.991869918699187,0.0195440711462023,0.0195440816947005,0.6500207185745239,1.0,0.0,1.0,0.0,1.0,0.991869918699187,0.9934640522875816,1.0,0.99672131147541,0.9959183673469388,0.9967320261437908,0.9926666654889992,0.4472727272727272,1.0,0.0065359477124183,0.9963650962620518,0.9963636363636365
SAP-RPT-1,banknote-auth,2,1097,275,4,2.9345289129996672,0.247978357001557,3.182507270001224,0.0,3.182507270001224,1108.9677430571312,0.9017394800056618,2722.63671875,100.25390625,595.490234375,,1.0,1.0,1.0,3.3258809595260164e-10,4.684007308242144e-06,1.0,1.0,1.0,4.691860121552468e-06,4.691860121552468e-06,8.702278137207031e-06,1.0,0.0,1.0,0.0,1.0,1.0,1.0,1.0,1.0,1.0,1.0,1.0,0.4436363636363636,1.0,0.0,1.0,1.0
TabPFN,banknote-auth,3,1097,275,4,0.5953816190012731,0.6419619869993767,1.2373436060006495,0.0,1.2373436060006495,428.3742731513054,2.3344072254522787,2621.76953125,0.0,210.93603515625,,1.0,1.0,1.0,1.6878543007692315e-10,1.2995198630960658e-05,1.0,1.0,1.0,1.3039938352118372e-05,1.3039938352118372e-05,1.3113021850585938e-05,1.0,0.0,1.0,0.0,1.0,1.0,1.0,1.0,1.0,1.0,1.0,1.0,0.4436363636363636,1.0,0.0,1.0,1.0
XGBoost,banknote-auth,3,1097,275,4,5.960274528002628,0.0026411380022182,5.962915666004847,5.8617932939996535,11.8247089600045,104121.74435689898,0.0096041381898844,2621.76953125,0.0,210.93603515625,,1.0,1.0,0.9963198394111744,0.0014573581283912,0.0066041243262588,1.0,0.9934640522875816,0.991869918699187,0.0053747962686148,0.0053747962686148,0.5992576479911804,1.0,0.0,1.0,0.0,1.0,0.991869918699187,0.9934640522875816,1.0,0.99672131147541,0.9959183673469388,0.9967320261437908,0.9926666654889992,0.4472727272727272,1.0,0.0065359477124183,0.9963650962620518,0.9963636363636365
LightGBM,banknote-auth,3,1097,275,4,5.774859626002581,0.0024444539994874,5.777304080002068,5.658114468998974,11.435418549001042,112499.51423023191,0.0088889236344998,2621.76953125,0.0,210.93603515625,,1.0,1.0,1.0,0.0001052068553587,0.0006904214052799,1.0,1.0,1.0,0.0006309717595508,0.0006309717595508,0.1700898812489782,1.0,0.0,1.0,0.0,1.0,1.0,1.0,1.0,1.0,1.0,1.0,1.0,0.4436363636363636,1.0,0.0,1.0,1.0
CatBoost,banknote-auth,3,1097,275,4,126.5878014830014,0.0013300070022523,126.58913149000364,124.9508081290005,251.5399396190041,206765.6732397728,0.0048363890990995,2621.421875,-0.34765625,210.93603515625,,0.9996785599485696,0.99959178248876,0.9963198394111744,0.0039727510923797,0.023131369396377,1.0,0.9934640522875816,0.991869918699187,0.0079434331210315,0.0079434331210314,0.1846768344653741,0.999590073770538,0.0065359477124183,1.0,0.0065359477124183,1.0,0.991869918699187,0.9934640522875816,1.0,0.99672131147541,0.9959183673469388,0.9967320261437908,0.9926666654889992,0.4472727272727272,1.0,0.0065359477124183,0.9963650962620518,0.9963636363636365
MLP,banknote-auth,3,1097,275,4,6.35865259899947,0.0028876310025225,6.361540230001992,6.137246959002368,12.49878718900436,95233.7416124247,0.0105004763728092,2621.421875,0.0,210.93603515625,,1.0,1.0,1.0,0.0005025084246881,0.0053256014361977,1.0,1.0,1.0,0.0050439153205264,0.0050439103354107,0.2330430746078491,1.0,0.0,1.0,0.0,1.0,1.0,1.0,1.0,1.0,1.0,1.0,1.0,0.4436363636363636,1.0,0.0,1.0,1.0
SAP-RPT-1,banknote-auth,3,1097,275,4,2.982520352998108,0.2436811580009816,3.22620151099909,0.0,3.22620151099909,1128.5238511151867,0.8861133018217515,2708.01171875,86.58984375,595.490234375,,1.0,1.0,1.0,3.3258809595260164e-10,4.684007308242144e-06,1.0,1.0,1.0,4.691860121552468e-06,4.691860121552468e-06,8.702278137207031e-06,1.0,0.0,1.0,0.0,1.0,1.0,1.0,1.0,1.0,1.0,1.0,1.0,0.4436363636363636,1.0,0.0,1.0,1.0
TabPFN,banknote-auth,4,1097,275,4,0.5907542710010603,0.6353970939999272,1.2261513650009874,0.0,1.2261513650009874,432.8002160602128,2.3105348872724623,2621.51171875,0.0,210.93603515625,,1.0,1.0,1.0,1.6878543007692315e-10,1.2995198630960658e-05,1.0,1.0,1.0,1.3039938352118372e-05,1.3039938352118372e-05,1.3113021850585938e-05,1.0,0.0,1.0,0.0,1.0,1.0,1.0,1.0,1.0,1.0,1.0,1.0,0.4436363636363636,1.0,0.0,1.0,1.0
XGBoost,banknote-auth,4,1097,275,4,5.029179850997025,0.0023562210008094,5.031536071997834,4.963353148999886,9.99488922099772,116712.26221702652,0.0085680763665798,2621.51171875,0.0,210.93603515625,,1.0,1.0,0.9963198394111744,0.0016323843738064,0.0098424023017287,1.0,0.9934640522875816,0.991869918699187,0.0084786571630022,0.0084786553884094,0.6126755475997925,1.0,0.0,1.0,0.0,1.0,0.991869918699187,0.9934640522875816,1.0,0.99672131147541,0.9959183673469388,0.9967320261437908,0.9926666654889992,0.4472727272727272,1.0,0.0065359477124183,0.9963650962620518,0.9963636363636365
LightGBM,banknote-auth,4,1097,275,4,5.015995952002413,0.0021562830006587,5.018152235003072,4.948982319998322,9.967134555001394,127534.22087071516,0.0078410290933044,2621.51171875,0.0,210.93603515625,,1.0,1.0,0.9963198394111744,0.0026466985223364,0.0069808656679385,1.0,0.9934640522875816,0.991869918699187,0.0031077212566909,0.0031077212566909,0.8531363819570812,1.0,0.0,1.0,0.0,1.0,0.991869918699187,0.9934640522875816,1.0,0.99672131147541,0.9959183673469388,0.9967320261437908,0.9926666654889992,0.4472727272727272,1.0,0.0065359477124183,0.9963650962620518,0.9963636363636365
CatBoost,banknote-auth,4,1097,275,4,128.6322482900032,0.0016335969994543,128.63388188700264,126.0245121879998,254.65839407500243,168340.0690328105,0.0059403527252884,2624.0859375,2.57421875,210.93603515625,,0.9997857066323796,0.9997301262397088,0.9963198394111744,0.0036689077670561,0.0231919979010712,1.0,0.9934640522875816,0.991869918699187,0.0038216699099492,0.0038216699099492,0.1050240393828286,0.9997290062395294,0.0065359477124183,1.0,0.0065359477124183,1.0,0.991869918699187,0.9934640522875816,1.0,0.99672131147541,0.9959183673469388,0.9967320261437908,0.9926666654889992,0.4472727272727272,1.0,0.0065359477124183,0.9963650962620518,0.9963636363636365
MLP,banknote-auth,4,1097,275,4,7.007954515000165,0.0035605699995358,7.011515084999701,6.774368017002416,13.785883102002115,77234.80307957693,0.0129475272710392,2624.08984375,0.0,210.93603515625,,1.0,1.0,0.992645485665383,0.0041691465303301,0.0137214297428727,1.0,0.9869281045751634,0.9838709677419356,0.0102213466619749,0.0102213466619749,0.6968623995780945,1.0,0.0,1.0,0.0,1.0,0.9838709677419356,0.9869281045751634,1.0,0.993421052631579,0.991869918699187,0.9934640522875816,0.9853983505872536,0.4509090909090909,1.0,0.0130718954248366,0.9927329132142996,0.9927272727272728
SAP-RPT-1,banknote-auth,4,1097,275,4,3.156372453999211,0.2607955040002707,3.4171679579994816,0.0,3.4171679579994816,1054.4660269344538,0.9483472872737118,2701.16796875,77.078125,595.490234375,,1.0,1.0,1.0,3.3258809595260164e-10,4.684007308242144e-06,1.0,1.0,1.0,4.691860121552468e-06,4.691860121552468e-06,8.702278137207031e-06,1.0,0.0,1.0,0.0,1.0,1.0,1.0,1.0,1.0,1.0,1.0,1.0,0.4436363636363636,1.0,0.0,1.0,1.0
SAP-RPT-1,hill-valley,0,969,243,100,6.3216811870006495,4.211256913000398,10.532938100001047,0.0,10.532938100001047,57.70248763312023,17.330275362141556,2715.36328125,86.45703125,595.490234375,,0.8468703427719821,0.8506947453752268,0.7277897457992245,0.1404083222150802,0.4042802453041076,0.6033057851239669,0.860655737704918,0.8111111111111111,0.0337698277653244,0.0335167153382006,0.3849121332168579,0.8679738230177168,0.0081967213114754,0.5041322314049587,0.0081967213114754,0.6862745098039216,0.8111111111111111,0.860655737704918,0.6033057851239669,0.7636363636363637,0.6919431279620853,0.7319807614144425,0.480382961930301,0.3703703703703703,0.6033057851239669,0.1393442622950819,0.7279372627450563,0.7325102880658436
TabPFN,hill-valley,1,969,243,100,0.6541495989986288,1.2557970030029535,1.9099466020015825,0.0,1.9099466020015825,193.5026116684608,5.167888901246723,2628.94921875,0.0,210.93603515625,,0.9992548435171386,0.99926129116379,0.9794224743839444,0.0482499115169048,0.2182575166225433,0.975206611570248,0.9836065573770492,0.9833333333333332,0.1649574453601376,0.1692399383664376,0.4239675402641296,0.999258264618459,0.0327868852459016,1.0,0.0327868852459016,0.975609756097561,0.9833333333333332,0.9836065573770492,0.975206611570248,0.979591836734694,0.979253112033195,0.9794065844736486,0.9588781269886946,0.4938271604938271,0.975206611570248,0.0163934426229508,0.9794231713483508,0.9794238683127572
XGBoost,hill-valley,1,969,243,100,69.1728517449992,0.0082982950007135,69.18115003999992,68.55426413199893,137.73541417199883,29283.1202910941,0.0341493621428541,2628.94921875,0.0,210.93603515625,,0.6297249695163257,0.6642759806561908,0.5707880434782608,0.2605150640010834,0.7329831123352051,0.628099173553719,0.5163934426229508,0.562962962962963,0.154498752988415,0.1564772634349242,0.555700546503067,0.6625326361332273,0.0655737704918032,0.256198347107438,0.0655737704918032,0.5833333333333334,0.562962962962963,0.5163934426229508,0.628099173553719,0.5478260869565217,0.59375,0.5722463080883349,0.1453916592821235,0.5555555555555556,0.628099173553719,0.4836065573770491,0.5706935498300233,0.5720164609053497
LightGBM,hill-valley,1,969,243,100,29.2252113450013,0.0042266790005669,29.229438024001865,28.97916988900033,58.2086079130022,57491.932194394925,0.0173937407430738,2643.32421875,14.375,210.93603515625,,0.6876439506841892,0.6940625448142297,0.6168686954310418,0.2658968953293976,0.8094932450654513,0.6528925619834711,0.5819672131147541,0.6076923076923076,0.1993462046686025,0.1955725044216069,0.5235532372160192,0.6915517778985458,0.1721311475409836,0.4462809917355372,0.1721311475409836,0.6283185840707964,0.6076923076923076,0.5819672131147541,0.6528925619834711,0.6042553191489362,0.6294820717131474,0.6174298875491127,0.2354346299086313,0.5349794238683128,0.6528925619834711,0.4180327868852459,0.6168167885327616,0.6172839506172839
CatBoost,hill-valley,1,969,243,100,125.45692624100047,0.0059701599966501,125.46289640099712,123.9990373039982,249.4619337049953,40702.41994082667,0.0245685596569966,2643.09375,-0.23046875,210.93603515625,,0.6184460100257417,0.6435165257437343,0.5655172413793104,0.2612812199776041,0.7357307127146406,0.6446280991735537,0.4918032786885246,0.5571428571428572,0.1442358702644607,0.1484213634722785,0.3969547752271605,0.6408353705987848,0.1967213114754098,0.4132231404958678,0.1967213114754098,0.5825242718446602,0.5571428571428572,0.4918032786885246,0.6446280991735537,0.5333333333333333,0.5977011494252874,0.5682156889310391,0.1380397727099244,0.5761316872427984,0.6446280991735537,0.5081967213114754,0.5653847973132775,0.5679012345679012
MLP,hill-valley,1,969,243,100,7.453940501000034,0.0049587820030865,7.45889928300312,7.092064839998784,14.550964123001904,49003.95920707722,0.0204065103007675,2643.09375,0.0,210.93603515625,,0.6647134534615906,0.6601354336632121,0.5767082697315256,0.2417040467262268,0.6761941909790039,0.3636363636363636,0.8360655737704918,0.6875,0.0826062419041684,0.047060561523516,0.4339054822921753,0.6561784981249599,0.3770491803278688,0.6446280991735537,0.3770491803278688,0.5698324022346368,0.6875,0.8360655737704918,0.3636363636363636,0.6777408637873754,0.4756756756756757,0.5998509687034277,0.2266931390311961,0.2633744855967078,0.3636363636363636,0.1639344262295081,0.5771240417235249,0.6008230452674898
SAP-RPT-1,hill-valley,1,969,243,100,6.150793804001296,4.229053145001672,10.379846949002967,0.0,10.379846949002967,57.45967042995017,17.40351088478054,2724.13671875,81.04296875,595.490234375,,0.8468703427719821,0.8506947453752268,0.7277897457992245,0.1404083222150802,0.4042802453041076,0.6033057851239669,0.860655737704918,0.8111111111111111,0.0337698277653244,0.0335167153382006,0.3849121332168579,0.8679738230177168,0.0081967213114754,0.5041322314049587,0.0081967213114754,0.6862745098039216,0.8111111111111111,0.860655737704918,0.6033057851239669,0.7636363636363637,0.6919431279620853,0.7319807614144425,0.480382961930301,0.3703703703703703,0.6033057851239669,0.1393442622950819,0.7279372627450563,0.7325102880658436
TabPFN,hill-valley,2,969,243,100,0.63692532999994,1.2556456380007148,1.8925709680006548,0.0,1.8925709680006548,193.5259379337212,5.167266000002941,2642.54296875,0.0,210.93603515625,,0.9992548435171386,0.99926129116379,0.9794224743839444,0.0482499115169048,0.2182575166225433,0.975206611570248,0.9836065573770492,0.9833333333333332,0.1649574453601376,0.1692399383664376,0.4239675402641296,0.999258264618459,0.0327868852459016,1.0,0.0327868852459016,0.975609756097561,0.9833333333333332,0.9836065573770492,0.975206611570248,0.979591836734694,0.979253112033195,0.9794065844736486,0.9588781269886946,0.4938271604938271,0.975206611570248,0.0163934426229508,0.9794231713483508,0.9794238683127572
XGBoost,hill-valley,2,969,243,100,81.74536488399826,0.0081737809996411,81.7535386649979,80.75141301300027,162.50495167799818,29729.200021565022,0.0336369588462599,2642.54296875,0.0,210.93603515625,,0.6312152824820485,0.6624268168736737,0.5625339673913043,0.2466508895158767,0.6886487603187561,0.6198347107438017,0.5081967213114754,0.5555555555555556,0.1231308640153319,0.1275243087683195,0.4460212737321853,0.6611660191115154,0.1639344262295081,0.3636363636363636,0.1639344262295081,0.5740740740740741,0.5555555555555556,0.5081967213114754,0.6198347107438017,0.5391304347826087,0.5859375,0.5640157160276386,0.1288280525284639,0.5555555555555556,0.6198347107438017,0.4918032786885246,0.5624376565575238,0.5637860082304527
LightGBM,hill-valley,2,969,243,100,27.698307095000928,0.0039006600018183,27.702207755002743,27.409959061002155,55.1121668160049,62297.13371316392,0.0160520987729149,2642.54296875,0.0,210.93603515625,,0.6944181005283837,0.7015075723523472,0.6321500858945792,0.2517466334887637,0.7729827720033293,0.7024793388429752,0.5655737704918032,0.6159420289855072,0.161173325688224,0.1773682504944615,0.4602628217599143,0.6992349116371017,0.1393442622950819,0.4297520661157025,0.1393442622950819,0.6571428571428571,0.6159420289855072,0.5655737704918032,0.7024793388429752,0.6079295154185022,0.6563706563706564,0.6340265546673892,0.2705573004726392,0.5679012345679012,0.7024793388429752,0.4344262295081967,0.632050412765048,0.6337448559670782
CatBoost,hill-valley,2,969,243,100,131.3127699180004,0.0060787600014009,131.3188486780018,128.08129869999902,259.40014737800084,39975.251526420696,0.025015473256794,2649.265625,6.72265625,210.93603515625,,0.5930090773607912,0.6190842367594249,0.5469491525423729,0.2457511851364745,0.684712533108836,0.5785123966942148,0.5163934426229508,0.5426356589147286,0.0773069843813642,0.0867716479067799,0.31396731263076,0.6172453694965749,0.1393442622950819,0.3057851239669421,0.1393442622950819,0.5526315789473685,0.5426356589147286,0.5163934426229508,0.5785123966942148,0.5338983050847458,0.56,0.5474529196585829,0.0950863668920544,0.5308641975308642,0.5785123966942148,0.4836065573770491,0.5468954453511892,0.5473251028806584
MLP,hill-valley,2,969,243,100,6.520661558999564,0.0048710770024626,6.525532636002026,6.110322063999774,12.6358547000018,49886.28797919991,0.0200455843722744,2648.75390625,0.0,210.93603515625,,0.6975342094567132,0.663493046357702,0.6417569010218087,0.2421960532665252,0.6771323084831238,0.6694214876033058,0.6147540983606558,0.6328125,0.1301329073346691,0.0297277589393741,0.4279420077800751,0.6602405263014599,0.4754098360655737,0.7851239669421488,0.4754098360655737,0.6521739130434783,0.6328125,0.6147540983606558,0.6694214876033058,0.6329113924050633,0.6506024096385542,0.6420877929819808,0.2845807107279023,0.5267489711934157,0.6694214876033058,0.3852459016393442,0.641720499751781,0.6419753086419753
SAP-RPT-1,hill-valley,2,969,243,100,6.077419364999514,4.137940381999215,10.215359746998727,0.0,10.215359746998727,58.72486732732276,17.02856124279512,2725.5,76.74609375,595.490234375,,0.8468703427719821,0.8506947453752268,0.7277897457992245,0.1404083222150802,0.4042802453041076,0.6033057851239669,0.860655737704918,0.8111111111111111,0.0337698277653244,0.0335167153382006,0.3849121332168579,0.8679738230177168,0.0081967213114754,0.5041322314049587,0.0081967213114754,0.6862745098039216,0.8111111111111111,0.860655737704918,0.6033057851239669,0.7636363636363637,0.6919431279620853,0.7319807614144425,0.480382961930301,0.3703703703703703,0.6033057851239669,0.1393442622950819,0.7279372627450563,0.7325102880658436
TabPFN,hill-valley,3,969,243,100,0.6490237200014235,1.2431641059993126,1.892187826000736,0.0,1.892187826000736,195.468963937948,5.115901670779064,2646.29296875,0.0,210.93603515625,,0.9992548435171386,0.99926129116379,0.9794224743839444,0.0482499115169048,0.2182575166225433,0.975206611570248,0.9836065573770492,0.9833333333333332,0.1649574453601376,0.1692399383664376,0.4239675402641296,0.999258264618459,0.0327868852459016,1.0,0.0327868852459016,0.975609756097561,0.9833333333333332,0.9836065573770492,0.975206611570248,0.979591836734694,0.979253112033195,0.9794065844736486,0.9588781269886946,0.4938271604938271,0.975206611570248,0.0163934426229508,0.9794231713483508,0.9794238683127572
XGBoost,hill-valley,3,969,243,100,80.6303881490021,0.0083625160004885,80.63875066500259,79.25358558199878,159.89233624700137,29058.23689037689,0.0344136460925454,2646.29296875,0.0,210.93603515625,,0.6350765478932394,0.6557471835000412,0.5790421195652173,0.2583411335945129,0.7281069159507751,0.6363636363636364,0.5245901639344263,0.5703703703703704,0.1495828280233061,0.1733708117969732,0.4925097624460856,0.6536565586086367,0.7213114754098361,0.9256198347107438,0.7213114754098361,0.5925925925925926,0.5703703703703704,0.5245901639344263,0.6363636363636364,0.5565217391304348,0.6015625,0.5804769001490313,0.1619552660357832,0.5555555555555556,0.6363636363636364,0.4754098360655737,0.5789494431025228,0.5802469135802469
LightGBM,hill-valley,3,969,243,100,29.192022071998508,0.003787445002672,29.19580951700118,28.84521631000098,58.04102582700216,64159.33054321154,0.0155861934266338,2646.29296875,0.0,210.93603515625,,0.6803278688524591,0.6761736516791315,0.6377066955814583,0.2800092516072855,0.950859564533246,0.6611570247933884,0.6147540983606558,0.6299212598425197,0.2361277605872342,0.2438788349369992,0.4667280968732437,0.673929358902631,0.3442622950819672,0.6446280991735537,0.3442622950819672,0.646551724137931,0.6299212598425197,0.6147540983606558,0.6611570247933884,0.6302521008403361,0.6451612903225806,0.637955561577022,0.2761919106921783,0.522633744855967,0.6611570247933884,0.3852459016393442,0.6376760182368448,0.6378600823045267
CatBoost,hill-valley,3,969,243,100,131.41154136299883,0.0059451279994391,131.41748649099827,127.67431949999808,259.0918059909964,40873.797696050766,0.0244655473227948,2650.80078125,4.5078125,210.93603515625,,0.6077428532719144,0.6485711690467314,0.5542798913043478,0.2686897994263229,0.7504575126985692,0.6115702479338843,0.5,0.5481481481481482,0.1614296177288897,0.1897923702231892,0.3952765407441428,0.6465178064730407,0.1311475409836065,0.3636363636363636,0.1311475409836065,0.5648148148148148,0.5481481481481482,0.5,0.6115702479338843,0.5304347826086957,0.578125,0.5557851239669421,0.1122644457748042,0.5555555555555556,0.6115702479338843,0.5,0.5541817632850242,0.5555555555555556
MLP,hill-valley,3,969,243,100,6.036477207999269,0.0044010749988956,6.040878282998165,5.922249973998987,11.963128256997152,55213.77046453549,0.0181114197485417,2650.80078125,0.0,210.93603515625,,0.5195095515512803,0.4944326529514854,0.4750144907171588,0.2608048915863037,0.7185314893722534,0.3057851239669421,0.680327868852459,0.4868421052631579,0.0581238283296671,0.0710427360034283,0.5810443758964539,0.4884006628859278,0.5655737704918032,0.6859504132231405,0.5655737704918032,0.497005988023952,0.4868421052631579,0.680327868852459,0.3057851239669421,0.5743944636678201,0.3756345177664975,0.4930564964097005,-0.0149767033923445,0.3127572016460905,0.3057851239669421,0.319672131147541,0.4754234617992602,0.4938271604938271
SAP-RPT-1,hill-valley,3,969,243,100,6.334523869001714,4.102549782001006,10.43707365100272,0.0,10.43707365100272,59.23145674109189,16.88292091358439,2718.41796875,67.6171875,595.490234375,,0.8468703427719821,0.8506947453752268,0.7277897457992245,0.1404083222150802,0.4042802453041076,0.6033057851239669,0.860655737704918,0.8111111111111111,0.0337698277653244,0.0335167153382006,0.3849121332168579,0.8679738230177168,0.0081967213114754,0.5041322314049587,0.0081967213114754,0.6862745098039216,0.8111111111111111,0.860655737704918,0.6033057851239669,0.7636363636363637,0.6919431279620853,0.7319807614144425,0.480382961930301,0.3703703703703703,0.6033057851239669,0.1393442622950819,0.7279372627450563,0.7325102880658436
TabPFN,hill-valley,4,969,243,100,0.6325384539995866,1.2428606370012858,1.8753990910008724,0.0,1.8753990910008724,195.51669155021432,5.114652827165785,2643.65625,0.0,210.93603515625,,0.9992548435171386,0.99926129116379,0.9794224743839444,0.0482499115169048,0.2182575166225433,0.975206611570248,0.9836065573770492,0.9833333333333332,0.1649574453601376,0.1692399383664376,0.4239675402641296,0.999258264618459,0.0327868852459016,1.0,0.0327868852459016,0.975609756097561,0.9833333333333332,0.9836065573770492,0.975206611570248,0.979591836734694,0.979253112033195,0.9794065844736486,0.9588781269886946,0.4938271604938271,0.975206611570248,0.0163934426229508,0.9794231713483508,0.9794238683127572
XGBoost,hill-valley,4,969,243,100,92.58410144800293,0.0086866929996176,92.59278814100252,91.147757945997,183.7405460869996,27973.81834915509,0.0357477078173566,2643.65625,0.0,210.93603515625,,0.6465926026283701,0.6660570967460677,0.5942270992366412,0.2506063282489776,0.7033082246780396,0.6776859504132231,0.5163934426229508,0.5815602836879432,0.1253105872943077,0.1525491768716539,0.3716075142224629,0.6636762816160564,0.5655737704918032,0.7933884297520661,0.5655737704918032,0.6176470588235294,0.5815602836879432,0.5163934426229508,0.6776859504132231,0.5625,0.6259541984732825,0.597039696518087,0.1966266516090223,0.5802469135802469,0.6776859504132231,0.4836065573770491,0.5940965350422517,0.5967078189300411
LightGBM,hill-valley,4,969,243,100,28.445002709999244,0.0039546929983771,28.44895740299762,28.133828118003294,56.58278552100092,61445.96777897813,0.016274456783445,2643.65625,0.0,210.93603515625,,0.6764666034412681,0.6639021767257378,0.6248791328097169,0.2780364855091822,0.9297941894058512,0.6694214876033058,0.5819672131147541,0.6136363636363636,0.2145040722080173,0.2328549261085103,0.5462454322052033,0.6608540123400324,0.1393442622950819,0.4297520661157025,0.1393442622950819,0.6396396396396397,0.6136363636363636,0.5819672131147541,0.6694214876033058,0.6094420600858369,0.6403162055335968,0.62569435035903,0.252330587497072,0.5432098765432098,0.6694214876033058,0.4180327868852459,0.6248156057614704,0.6255144032921811
CatBoost,hill-valley,4,969,243,100,124.49643729099988,0.0055284020018007,124.5019656930017,122.5827918990035,247.0847575920052,43954.82744670566,0.0227506255218136,2642.05078125,-1.60546875,210.93603515625,,0.6185137515241838,0.6551300255688348,0.5703794369645043,0.2603067177200002,0.7277882229446718,0.6363636363636364,0.5081967213114754,0.5620437956204379,0.1469958557587769,0.1577314881936229,0.4091953808998527,0.6542377230633497,0.2786885245901639,0.4876033057851239,0.2786885245901639,0.5849056603773585,0.5620437956204379,0.5081967213114754,0.6363636363636364,0.543859649122807,0.5968992248062015,0.5722801788375559,0.1457500117296892,0.5637860082304527,0.6363636363636364,0.4918032786885246,0.5702703020351146,0.5720164609053497
MLP,hill-valley,4,969,243,100,7.6878018919996975,0.0050666579991229,7.69286854999882,7.453078295999148,15.145946845997967,47960.598896050105,0.0208504444408353,2642.05078125,0.0,210.93603515625,,0.5556157702208373,0.5324589476532717,0.5499464768151157,0.2548865079879761,0.7039666771888733,0.4958677685950413,0.6065573770491803,0.5555555555555556,0.0745766121173591,0.0263727160147678,0.4117500611713954,0.5276502000274111,0.5163934426229508,0.6694214876033058,0.5163934426229508,0.5481481481481482,0.5555555555555556,0.6065573770491803,0.4958677685950413,0.5758754863813229,0.5240174672489083,0.5512125728221109,0.1030624420227711,0.4444444444444444,0.4958677685950413,0.3934426229508196,0.5500531805581864,0.551440329218107
SAP-RPT-1,hill-valley,4,969,243,100,6.166741090000869,4.219537835000665,10.386278925001534,0.0,10.386278925001534,57.5892454208489,17.36435323045541,2735.6953125,93.64453125,595.490234375,,0.8468703427719821,0.8506947453752268,0.7277897457992245,0.1404083222150802,0.4042802453041076,0.6033057851239669,0.860655737704918,0.8111111111111111,0.0337698277653244,0.0335167153382006,0.3849121332168579,0.8679738230177168,0.0081967213114754,0.5041322314049587,0.0081967213114754,0.6862745098039216,0.8111111111111111,0.860655737704918,0.6033057851239669,0.7636363636363637,0.6919431279620853,0.7319807614144425,0.480382961930301,0.3703703703703703,0.6033057851239669,0.1393442622950819,0.7279372627450563,0.7325102880658436
SAP-RPT-1,wdbc,0,455,114,30,3.2410944030016253,0.6169379200000549,3.85803232300168,0.0,3.85803232300168,184.78358376026924,5.411736140351358,2750.65625,108.7421875,595.490234375,,0.9983465608465608,0.997467071935157,0.9905276277523888,0.0127390511333942,0.0476846322417259,0.9761904761904762,1.0,1.0,0.0204059993194644,0.0216349281509521,0.4629586338996887,0.9974395401083652,0.0,0.9761904761904762,0.0,0.9863013698630136,1.0,1.0,0.9761904761904762,0.993103448275862,0.9879518072289156,0.988095238095238,0.9812328999345132,0.3596491228070175,0.9761904761904762,0.0,0.991205475258566,0.9912280701754386
TabPFN,wdbc,1,455,114,30,0.5949796899985813,0.6062997349981742,1.2012794249967556,0.0,1.2012794249967556,188.0258117089849,5.31841872805416,2642.859375,0.0,210.93603515625,,0.9966931216931216,0.9954212454212454,0.9905276277523888,0.0165724549442529,0.0673209950327873,0.9761904761904762,1.0,1.0,0.0292391967061057,0.0304910592375355,0.4888793230056762,0.9953763556704732,0.0,0.9761904761904762,0.0,0.9863013698630136,1.0,1.0,0.9761904761904762,0.993103448275862,0.9879518072289156,0.988095238095238,0.9812328999345132,0.3596491228070175,0.9761904761904762,0.0,0.991205475258566,0.9912280701754386
XGBoost,wdbc,1,455,114,30,8.683274548002373,0.0035315659988555,8.686806114001229,8.570612870000332,17.25741898400156,32280.28805256828,0.0309786491127676,2642.859375,0.0,210.93603515625,,0.9907407407407408,0.989748745026466,0.9712773998488284,0.0233411602675914,0.0983874276280403,0.9285714285714286,1.0,1.0,0.0319027899388681,0.0263028514751216,0.8619510233402252,0.9896666350680547,0.0138888888888888,0.9761904761904762,0.0138888888888888,0.96,1.0,1.0,0.9285714285714286,0.979591836734694,0.9629629629629628,0.9642857142857144,0.9441549509633318,0.3421052631578947,0.9285714285714286,0.0,0.9734654095556352,0.9736842105263158
LightGBM,wdbc,1,455,114,30,5.161946506999811,0.0018503119972592,5.163796818997071,5.111174755998945,10.274971574996016,61611.19776430245,0.0162308069935023,2642.859375,0.0,210.93603515625,,0.9963624338624338,0.995058400718778,0.9712773998488284,0.025509153320879,0.1653690053240354,0.9285714285714286,1.0,1.0,0.0281419442874354,0.0281419442874354,0.2841838692872673,0.995010885341074,0.0,0.9761904761904762,0.0,0.96,1.0,1.0,0.9285714285714286,0.979591836734694,0.9629629629629628,0.9642857142857144,0.9441549509633318,0.3421052631578947,0.9285714285714286,0.0,0.9734654095556352,0.9736842105263158
CatBoost,wdbc,1,455,114,30,122.4192400159991,0.0026716240026871,122.42191164000178,120.2126769259994,242.6345885660012,42670.6592000512,0.0234352982691856,2643.09375,0.234375,210.93603515625,,0.9983465608465608,0.997467071935157,0.9614864864864864,0.0288341109229031,0.0983886852072508,0.9047619047619048,1.0,1.0,0.0346307961498638,0.0346307961498638,0.8874173120014637,0.9974395401083652,0.0,0.9761904761904762,0.0,0.9473684210526316,1.0,1.0,0.9047619047619048,0.972972972972973,0.95,0.9523809523809524,0.9258200997725514,0.3333333333333333,0.9047619047619048,0.0,0.9645092460881936,0.9649122807017544
MLP,wdbc,1,455,114,30,4.00238170999728,0.0032561820007686,4.005637891998049,3.884025268998812,7.889663160996861,35010.31728655636,0.0285630000067421,2643.09375,0.0,210.93603515625,,0.9973544973544974,0.9956555349412494,0.9415384615384615,0.0340433605015277,0.1043911576271057,0.8571428571428571,1.0,1.0,0.0521134523707523,0.0558548104753227,0.5482889711856842,0.995604794281968,0.0416666666666666,1.0,0.0416666666666666,0.9230769230769232,1.0,1.0,0.8571428571428571,0.96,0.9230769230769232,0.9285714285714286,0.8894991799933214,0.3157894736842105,0.8571428571428571,0.0,0.9463967611336032,0.9473684210526316
SAP-RPT-1,wdbc,1,455,114,30,3.499076423999213,0.6322389550005028,4.131315378999716,0.0,4.131315378999716,180.311571942918,5.545955745618445,2743.1328125,100.0390625,595.490234375,,0.9983465608465608,0.997467071935157,0.9905276277523888,0.0127390511333942,0.0476846322417259,0.9761904761904762,1.0,1.0,0.0204059993194644,0.0216349281509521,0.4629586338996887,0.9974395401083652,0.0,0.9761904761904762,0.0,0.9863013698630136,1.0,1.0,0.9761904761904762,0.993103448275862,0.9879518072289156,0.988095238095238,0.9812328999345132,0.3596491228070175,0.9761904761904762,0.0,0.991205475258566,0.9912280701754386
TabPFN,wdbc,2,455,114,30,0.6415754770023341,0.6870744670013664,1.3286499440037003,0.0,1.3286499440037003,165.92087948139746,6.026969008783916,2642.5,0.0,210.93603515625,,0.9966931216931216,0.9954212454212454,0.9905276277523888,0.0165724549442529,0.0673209950327873,0.9761904761904762,1.0,1.0,0.0292391967061057,0.0304910592375355,0.4888793230056762,0.9953763556704732,0.0,0.9761904761904762,0.0,0.9863013698630136,1.0,1.0,0.9761904761904762,0.993103448275862,0.9879518072289156,0.988095238095238,0.9812328999345132,0.3596491228070175,0.9761904761904762,0.0,0.991205475258566,0.9912280701754386
XGBoost,wdbc,2,455,114,30,8.551550222000515,0.0038972990005277,8.555447521001042,8.406733271000121,16.962180792001163,29251.01993291868,0.0341868333379623,2642.5,0.0,210.93603515625,,0.99239417989418,0.99124858276644,0.9809555629802872,0.0183403175324201,0.0845177620649337,0.9523809523809524,1.0,1.0,0.0240957754288326,0.0240957806573102,0.418634295463562,0.9911767128938296,0.0138888888888888,0.9761904761904762,0.0138888888888888,0.972972972972973,1.0,1.0,0.9523809523809524,0.9863013698630136,0.975609756097561,0.9761904761904762,0.962621902223779,0.3508771929824561,0.9523809523809524,0.0,0.9823623542652152,0.9824561403508772
LightGBM,wdbc,2,455,114,30,5.595574921000662,0.0021754789995611,5.597750400000223,5.54678650400092,11.144536904001145,52402.22848428667,0.0190831491189575,2642.5,0.0,210.93603515625,,0.9970238095238096,0.9957983193277312,0.9712773998488284,0.0259899688442512,0.1780257814349345,0.9285714285714286,1.0,1.0,0.0284645200103101,0.0284645200103101,0.1381595382032258,0.9957563025210084,0.0,0.9761904761904762,0.0,0.96,1.0,1.0,0.9285714285714286,0.979591836734694,0.9629629629629628,0.9642857142857144,0.9441549509633318,0.3421052631578947,0.9285714285714286,0.0,0.9734654095556352,0.9736842105263158
CatBoost,wdbc,2,455,114,30,124.99121306300005,0.0024923340024542,124.99370539700249,123.02378453399795,248.01748993100043,45740.23952949333,0.0218625789688973,2642.76171875,0.26171875,210.93603515625,,0.9970238095238096,0.9957983193277312,0.9614864864864864,0.0276978720859562,0.108582515156167,0.9047619047619048,1.0,1.0,0.0353023927581836,0.0353023927581836,0.8067427246060751,0.9957563025210084,0.0,0.9761904761904762,0.0,0.9473684210526316,1.0,1.0,0.9047619047619048,0.972972972972973,0.95,0.9523809523809524,0.9258200997725514,0.3333333333333333,0.9047619047619048,0.0,0.9645092460881936,0.9649122807017544
MLP,wdbc,2,455,114,30,4.326424516999396,0.0035645440002554,4.329989060999651,4.111009538999497,8.440998599999148,31981.641413372978,0.0312679298268018,2642.76171875,0.0,210.93603515625,,0.9966931216931216,0.9954212454212454,0.9905276277523888,0.013185036368668,0.0544048435986042,0.9761904761904762,1.0,1.0,0.0198849455633184,0.0224468481579893,0.4924607276916504,0.9953763556704732,0.0,0.9761904761904762,0.0,0.9863013698630136,1.0,1.0,0.9761904761904762,0.993103448275862,0.9879518072289156,0.988095238095238,0.9812328999345132,0.3596491228070175,0.9761904761904762,0.0,0.991205475258566,0.9912280701754386
SAP-RPT-1,wdbc,2,455,114,30,3.8440028189979785,0.6370069650001824,4.481009783998161,0.0,4.481009783998161,178.96193618700138,5.587780394738442,2733.60546875,90.84375,595.490234375,,0.9983465608465608,0.997467071935157,0.9905276277523888,0.0127390511333942,0.0476846322417259,0.9761904761904762,1.0,1.0,0.0204059993194644,0.0216349281509521,0.4629586338996887,0.9974395401083652,0.0,0.9761904761904762,0.0,0.9863013698630136,1.0,1.0,0.9761904761904762,0.993103448275862,0.9879518072289156,0.988095238095238,0.9812328999345132,0.3596491228070175,0.9761904761904762,0.0,0.991205475258566,0.9912280701754386
TabPFN,wdbc,3,455,114,30,0.6624929469980998,0.7025447330015595,1.3650376799996593,0.0,1.3650376799996593,162.26724716969687,6.162673096504908,2639.85546875,0.0,210.93603515625,,0.9966931216931216,0.9954212454212454,0.9905276277523888,0.0165724549442529,0.0673209950327873,0.9761904761904762,1.0,1.0,0.0292391967061057,0.0304910592375355,0.4888793230056762,0.9953763556704732,0.0,0.9761904761904762,0.0,0.9863013698630136,1.0,1.0,0.9761904761904762,0.993103448275862,0.9879518072289156,0.988095238095238,0.9812328999345132,0.3596491228070175,0.9761904761904762,0.0,0.991205475258566,0.9912280701754386
XGBoost,wdbc,3,455,114,30,8.954522162999638,0.0041529090012772,8.958675072000915,8.797386490001372,17.756061562002287,27450.63099487768,0.0364290263269938,2639.85546875,0.0,210.93603515625,,0.9917328042328042,0.9911158493248046,0.9809555629802872,0.0178662929683923,0.0888584405183792,0.9523809523809524,1.0,1.0,0.0243788484541143,0.0272958614381455,0.8069240003824234,0.9910485451530228,0.0,0.9761904761904762,0.0,0.972972972972973,1.0,1.0,0.9523809523809524,0.9863013698630136,0.975609756097561,0.9761904761904762,0.962621902223779,0.3508771929824561,0.9523809523809524,0.0,0.9823623542652152,0.9824561403508772
LightGBM,wdbc,3,455,114,30,6.002410499000689,0.0023151620007411,6.00472566100143,5.939650313997845,11.944375974999277,49240.5934111366,0.0203084386029922,2639.85546875,0.0,210.93603515625,,0.9943783068783068,0.9931396287328492,0.9712773998488284,0.0259994979835238,0.1883420836804421,0.9285714285714286,1.0,1.0,0.0276015276293406,0.0276015276293406,0.1279536835525595,0.9930804876012358,0.0,0.9761904761904762,0.0,0.96,1.0,1.0,0.9285714285714286,0.979591836734694,0.9629629629629628,0.9642857142857144,0.9441549509633318,0.3421052631578947,0.9285714285714286,0.0,0.9734654095556352,0.9736842105263158
CatBoost,wdbc,3,455,114,30,124.5229896560013,0.0024264090025098,124.5254160650038,122.92546737299926,247.45088343800307,46982.99128427488,0.0212842894957008,2639.8359375,-0.01953125,210.93603515625,,0.9966931216931216,0.9952314259036948,0.9712773998488284,0.0232535530895005,0.1001901207355247,0.9285714285714286,1.0,1.0,0.0297740912446147,0.0297740912446147,0.6926423041497594,0.9951824957625328,0.0138888888888888,0.9761904761904762,0.0138888888888888,0.96,1.0,1.0,0.9285714285714286,0.979591836734694,0.9629629629629628,0.9642857142857144,0.9441549509633318,0.3421052631578947,0.9285714285714286,0.0,0.9734654095556352,0.9736842105263158
MLP,wdbc,3,455,114,30,3.8630118549990575,0.0032678720017429,3.866279727000802,3.644665102001454,7.510944829002256,34885.076604628535,0.0286655438749381,2639.8359375,0.0,210.93603515625,,0.9947089947089948,0.9925925925925926,0.9712773998488284,0.0261137560009956,0.1074035614728927,0.9285714285714286,1.0,1.0,0.0336742432657302,0.0365297387991296,0.8364564925432205,0.9925186274242878,0.0,0.9523809523809524,0.0,0.96,1.0,1.0,0.9285714285714286,0.979591836734694,0.9629629629629628,0.9642857142857144,0.9441549509633318,0.3421052631578947,0.9285714285714286,0.0,0.9734654095556352,0.9736842105263158
SAP-RPT-1,wdbc,3,455,114,30,3.596276183001464,0.5813393659991561,4.17761554900062,0.0,4.17761554900062,196.0988821184812,5.099468122799616,2754.6875,114.8515625,595.490234375,,0.9983465608465608,0.997467071935157,0.9905276277523888,0.0127390511333942,0.0476846322417259,0.9761904761904762,1.0,1.0,0.0204059993194644,0.0216349281509521,0.4629586338996887,0.9974395401083652,0.0,0.9761904761904762,0.0,0.9863013698630136,1.0,1.0,0.9761904761904762,0.993103448275862,0.9879518072289156,0.988095238095238,0.9812328999345132,0.3596491228070175,0.9761904761904762,0.0,0.991205475258566,0.9912280701754386
TabPFN,wdbc,4,455,114,30,0.6456481710010848,0.7092626320009003,1.3549108030019852,0.0,1.3549108030019852,160.73030594839653,6.221602035095617,2666.671875,0.0,210.93603515625,,0.9966931216931216,0.9954212454212454,0.9905276277523888,0.0165724549442529,0.0673209950327873,0.9761904761904762,1.0,1.0,0.0292391967061057,0.0304910592375355,0.4888793230056762,0.9953763556704732,0.0,0.9761904761904762,0.0,0.9863013698630136,1.0,1.0,0.9761904761904762,0.993103448275862,0.9879518072289156,0.988095238095238,0.9812328999345132,0.3596491228070175,0.9761904761904762,0.0,0.991205475258566,0.9912280701754386
XGBoost,wdbc,4,455,114,30,7.14720868600125,0.0040868540017982,7.151295540003048,7.06171783299942,14.213013373002468,27894.309915531725,0.0358495965070017,2666.671875,0.0,210.93603515625,,0.995701058201058,0.9943722943722944,0.9712773998488284,0.0209064111113548,0.0817646235227584,0.9285714285714286,1.0,1.0,0.0251447294038115,0.026776485079736,0.680614560842514,0.9943201859868528,0.0,0.9761904761904762,0.0,0.96,1.0,1.0,0.9285714285714286,0.979591836734694,0.9629629629629628,0.9642857142857144,0.9441549509633318,0.3421052631578947,0.9285714285714286,0.0,0.9734654095556352,0.9736842105263158
LightGBM,wdbc,4,455,114,30,5.51101283800017,0.0022892640008649,5.513302102001035,5.451282711001113,10.964584813002148,49797.64245595351,0.0200812631654818,2666.671875,0.0,210.93603515625,,0.9950396825396826,0.993734335839599,0.9712773998488284,0.0219464777951137,0.1706914584646833,0.9285714285714286,1.0,1.0,0.0242735527048038,0.0242735527048038,0.7178332227916514,0.9936783924095955,0.0,0.9761904761904762,0.0,0.96,1.0,1.0,0.9285714285714286,0.979591836734694,0.9629629629629628,0.9642857142857144,0.9441549509633318,0.3421052631578947,0.9285714285714286,0.0,0.9734654095556352,0.9736842105263158
CatBoost,wdbc,4,455,114,30,128.40887793000002,0.0026179129999945,128.411495843,126.15154190900284,254.56303775200288,43546.12107205803,0.0229641491227595,2670.8671875,4.1953125,210.93603515625,,0.9986772486772486,0.9979296066252588,0.9614864864864864,0.0279979075024758,0.0916660159753298,0.9047619047619048,1.0,1.0,0.0361824819698794,0.0361824819698794,0.8627777730656154,0.9979066022544284,0.0,0.9761904761904762,0.0,0.9473684210526316,1.0,1.0,0.9047619047619048,0.972972972972973,0.95,0.9523809523809524,0.9258200997725514,0.3333333333333333,0.9047619047619048,0.0,0.9645092460881936,0.9649122807017544
MLP,wdbc,4,455,114,30,3.702256706998014,0.0033668329997453,3.70562353999776,3.547916939998686,7.253540479996445,33859.703213351546,0.029533622804784,2670.8671875,0.0,210.93603515625,,0.996362433862434,0.9948543519972092,0.9809555629802872,0.0177922360599041,0.0867492258548736,0.9523809523809524,1.0,1.0,0.0321655229628576,0.0321655229628576,0.699763298034668,0.9948025489119976,0.0138888888888888,0.9761904761904762,0.0138888888888888,0.972972972972973,1.0,1.0,0.9523809523809524,0.9863013698630136,0.975609756097561,0.9761904761904762,0.962621902223779,0.3508771929824561,0.9523809523809524,0.0,0.9823623542652152,0.9824561403508772
SAP-RPT-1,wdbc,4,455,114,30,3.352026898999611,0.6110129789994971,3.963039877999108,0.0,3.963039877999108,186.5754144864383,5.3597629736798,3057.86328125,386.99609375,595.490234375,,0.9983465608465608,0.997467071935157,0.9905276277523888,0.0127390511333942,0.0476846322417259,0.9761904761904762,1.0,1.0,0.0204059993194644,0.0216349281509521,0.4629586338996887,0.9974395401083652,0.0,0.9761904761904762,0.0,0.9863013698630136,1.0,1.0,0.9761904761904762,0.993103448275862,0.9879518072289156,0.988095238095238,0.9812328999345132,0.3596491228070175,0.9761904761904762,0.0,0.991205475258566,0.9912280701754386
SAP-RPT-1,qsar-biodeg,0,844,211,41,4.033618527002545,1.385298106000846,5.418916633003391,0.0,5.418916633003391,152.31378642161903,6.565393867302587,2753.58203125,112.453125,595.490234375,,0.9456740442655936,0.9101339420350772,0.8492737518850701,0.0885125994682312,0.2834423780441284,0.7183098591549296,0.95,0.8793103448275862,0.0510959933330945,0.0844316393913816,0.5622972548007965,0.9095586091651058,0.1,0.8873239436619719,0.1,0.869281045751634,0.8793103448275862,0.95,0.7183098591549296,0.9078498293515358,0.7906976744186046,0.8341549295774648,0.7073125241380868,0.2748815165876777,0.7183098591549296,0.05,0.8684289620518291,0.8720379146919431
TabPFN,qsar-biodeg,1,844,211,41,0.6884021379992191,0.7514232130015444,1.4398253510007637,0.0,1.4398253510007637,280.80048109821416,3.5612474549836226,2640.9921875,-109.12890625,210.93603515625,,0.94738430583501,0.921519085448382,0.8600224535619514,0.0828864648938179,0.2703979313373565,0.7887323943661971,0.9214285714285714,0.835820895522388,0.0485764274382478,0.0464568715807385,0.2350458602110544,0.9210427391307368,0.1071428571428571,0.8873239436619719,0.1071428571428571,0.8958333333333334,0.835820895522388,0.9214285714285714,0.7887323943661971,0.908450704225352,0.8115942028985508,0.8550804828973843,0.7208274923946822,0.3175355450236967,0.7887323943661971,0.0785714285714285,0.8758591800822104,0.8767772511848341
XGBoost,qsar-biodeg,1,844,211,41,18.53177420700013,0.005305580998538,18.537079787998664,18.160236995998275,36.69731678399694,39769.43529628615,0.0251449336423604,2640.9921875,0.0,210.93603515625,,0.942354124748491,0.9111560735558402,0.8517834378333377,0.0868776515126228,0.2900756299495697,0.7464788732394366,0.9357142857142856,0.8548387096774194,0.061568412700253,0.0686620862104033,0.2750051745346614,0.9105600616971108,0.0785714285714285,0.8732394366197183,0.0785714285714285,0.8791946308724832,0.8548387096774194,0.9357142857142856,0.7464788732394366,0.9065743944636678,0.7969924812030075,0.8410965794768612,0.7076386954986927,0.2938388625592417,0.7464788732394366,0.0642857142857142,0.8697008596697964,0.8720379146919431
LightGBM,qsar-biodeg,1,844,211,41,9.51876519399957,0.0030741490008949,9.521839343000464,9.306017816001258,18.827857159001724,68636.85894916371,0.0145694265445259,2640.9921875,0.0,210.93603515625,,0.9341046277665996,0.8943768287592713,0.854091432961967,0.0907253615250316,0.3037989103248232,0.7746478873239436,0.9214285714285714,0.8333333333333334,0.0394815225035492,0.0722372751792935,0.369088509583954,0.8935432376909161,0.1214285714285714,0.8873239436619719,0.1214285714285714,0.8896551724137931,0.8333333333333334,0.9214285714285714,0.7746478873239436,0.9052631578947368,0.8029197080291971,0.8480382293762575,0.7094048764980632,0.3127962085308057,0.7746478873239436,0.0785714285714285,0.8708253145750529,0.8720379146919431
CatBoost,qsar-biodeg,1,844,211,41,125.68979317199774,0.0033168720001413,125.69311004399788,123.99318235600003,249.6862923999979,63614.132947209975,0.015719772512518,2643.90234375,2.91015625,210.93603515625,,0.9444668008048288,0.9152796156342252,0.8529616724738676,0.0898222594177968,0.2946018564290918,0.7605633802816901,0.9285714285714286,0.84375,0.0406782009548744,0.0603630467105519,0.2924644307717906,0.9147570748084584,0.0928571428571428,0.8450704225352113,0.0928571428571428,0.8843537414965986,0.84375,0.9285714285714286,0.7605633802816901,0.9059233449477352,0.8,0.8445674044265594,0.708351348358637,0.3033175355450237,0.7605633802816901,0.0714285714285714,0.8702808923823835,0.8720379146919431
MLP,qsar-biodeg,1,844,211,41,7.531217895000736,0.0036577120008587,7.534875607001595,7.196896419998666,14.73177202700026,57686.31927941384,0.0173351279661551,2643.87890625,0.0,210.93603515625,,0.9172032193158954,0.8578879191963472,0.854091432961967,0.1037218868732452,0.3855375945568084,0.7746478873239436,0.9214285714285714,0.8333333333333334,0.0586937407640766,0.0667432476611922,0.1790037751197815,0.856440025466228,0.1428571428571428,0.8591549295774648,0.1428571428571428,0.8896551724137931,0.8333333333333334,0.9214285714285714,0.7746478873239436,0.9052631578947368,0.8029197080291971,0.8480382293762575,0.7094048764980632,0.3127962085308057,0.7746478873239436,0.0785714285714285,0.8708253145750529,0.8720379146919431
SAP-RPT-1,qsar-biodeg,1,844,211,41,4.164819281999371,1.4645451920005144,5.629364473999885,0.0,5.629364473999885,144.0720306948738,6.940972473936086,2778.359375,134.48046875,595.490234375,,0.9456740442655936,0.9101339420350772,0.8492737518850701,0.0885125994682312,0.2834423780441284,0.7183098591549296,0.95,0.8793103448275862,0.0510959933330945,0.0844316393913816,0.5622972548007965,0.9095586091651058,0.1,0.8873239436619719,0.1,0.869281045751634,0.8793103448275862,0.95,0.7183098591549296,0.9078498293515358,0.7906976744186046,0.8341549295774648,0.7073125241380868,0.2748815165876777,0.7183098591549296,0.05,0.8684289620518291,0.8720379146919431
TabPFN,qsar-biodeg,2,844,211,41,0.6940123519998451,0.7340370969977812,1.4280494489976263,0.0,1.4280494489976263,287.45141161875966,3.478848800937352,2642.94921875,0.0,210.93603515625,,0.94738430583501,0.921519085448382,0.8600224535619514,0.0828864648938179,0.2703979313373565,0.7887323943661971,0.9214285714285714,0.835820895522388,0.0485764274382478,0.0464568715807385,0.2350458602110544,0.9210427391307368,0.1071428571428571,0.8873239436619719,0.1071428571428571,0.8958333333333334,0.835820895522388,0.9214285714285714,0.7887323943661971,0.908450704225352,0.8115942028985508,0.8550804828973843,0.7208274923946822,0.3175355450236967,0.7887323943661971,0.0785714285714285,0.8758591800822104,0.8767772511848341
XGBoost,qsar-biodeg,2,844,211,41,21.75614827899699,0.0047740390000399,21.76092231799703,21.511012361999747,43.271934679996775,44197.367428474754,0.022625777251374,2642.94921875,0.0,210.93603515625,,0.9416498993963784,0.9117124212037958,0.8648994749647843,0.0842620506882667,0.2832918167114258,0.7887323943661971,0.9285714285714286,0.8484848484848485,0.0386049419694461,0.0605288560356574,0.4767903586228689,0.9111113103343056,0.0857142857142857,0.8732394366197183,0.0857142857142857,0.896551724137931,0.8484848484848485,0.9285714285714286,0.7887323943661971,0.912280701754386,0.8175182481751825,0.8586519114688129,0.7310387005970791,0.3127962085308057,0.7887323943661971,0.0714285714285714,0.8803938097917156,0.8815165876777251
LightGBM,qsar-biodeg,2,844,211,41,8.586232440000458,0.0025568870005372,8.588789327000995,8.461610807000397,17.050400134001393,82522.19102114187,0.0121179478698447,2642.94921875,0.0,210.93603515625,,0.935513078470825,0.9090700478346524,0.8372583299053887,0.089098715197398,0.3008983105651509,0.7464788732394366,0.9142857142857144,0.8153846153846154,0.0814824512869127,0.0939968973257366,0.6291986293242908,0.9085399308739576,0.1285714285714285,0.9154929577464788,0.1285714285714285,0.8767123287671232,0.8153846153846154,0.9142857142857144,0.7464788732394366,0.8951048951048951,0.7794117647058824,0.8303822937625754,0.6762493266760722,0.3080568720379147,0.7464788732394366,0.0857142857142857,0.8561749791886396,0.8578199052132701
CatBoost,qsar-biodeg,2,844,211,41,125.1984562209982,0.0032627059990772,125.20171892699727,122.59595623099813,247.7976751579954,64670.22630584707,0.0154630616070014,2642.6640625,-0.28515625,210.93603515625,,0.9437625754527162,0.9107901027563664,0.8469112769485904,0.0878923638285474,0.2825608991865577,0.7464788732394366,0.9285714285714286,0.8412698412698413,0.0479168432465302,0.0710891809315068,0.5706412593090373,0.9102169578537328,0.0857142857142857,0.8309859154929577,0.0857142857142857,0.8783783783783784,0.8412698412698413,0.9285714285714286,0.7464788732394366,0.9027777777777778,0.7910447761194029,0.8375251509054327,0.6969926454928935,0.2985781990521327,0.7464788732394366,0.0714285714285714,0.8651804170301729,0.8672985781990521
MLP,qsar-biodeg,2,844,211,41,7.046488938001858,0.0035190349990443,7.050007973000902,6.867770453001867,13.91777842600277,59959.602589259855,0.0166778909907316,2642.6640625,0.0,210.93603515625,,0.9023138832997988,0.8160060305714969,0.8195674044265593,0.1142642647027969,0.396884948015213,0.7605633802816901,0.8785714285714286,0.7605633802816901,0.0563383756373165,0.0640341893050342,0.1702867150306701,0.813509711486695,0.1357142857142857,0.8309859154929577,0.1357142857142857,0.8785714285714286,0.7605633802816901,0.8785714285714286,0.7605633802816901,0.8785714285714286,0.7605633802816901,0.8195674044265593,0.6391348088531187,0.3364928909952606,0.7605633802816901,0.1214285714285714,0.8388625592417062,0.8388625592417062
SAP-RPT-1,qsar-biodeg,2,844,211,41,4.297636166000302,1.3842479049999383,5.6818840710002405,0.0,5.6818840710002405,152.42934382304884,6.560416611374115,2786.98828125,144.32421875,595.490234375,,0.9456740442655936,0.9101339420350772,0.8492737518850701,0.0885125994682312,0.2834423780441284,0.7183098591549296,0.95,0.8793103448275862,0.0510959933330945,0.0844316393913816,0.5622972548007965,0.9095586091651058,0.1,0.8873239436619719,0.1,0.869281045751634,0.8793103448275862,0.95,0.7183098591549296,0.9078498293515358,0.7906976744186046,0.8341549295774648,0.7073125241380868,0.2748815165876777,0.7183098591549296,0.05,0.8684289620518291,0.8720379146919431
TabPFN,qsar-biodeg,3,844,211,41,0.6647964940020756,0.7087784789982834,1.373574973000359,0.0,1.373574973000359,297.6952686268226,3.359139710892338,2641.546875,0.0,210.93603515625,,0.94738430583501,0.921519085448382,0.8600224535619514,0.0828864648938179,0.2703979313373565,0.7887323943661971,0.9214285714285714,0.835820895522388,0.0485764274382478,0.0464568715807385,0.2350458602110544,0.9210427391307368,0.1071428571428571,0.8873239436619719,0.1071428571428571,0.8958333333333334,0.835820895522388,0.9214285714285714,0.7887323943661971,0.908450704225352,0.8115942028985508,0.8550804828973843,0.7208274923946822,0.3175355450236967,0.7887323943661971,0.0785714285714285,0.8758591800822104,0.8767772511848341
XGBoost,qsar-biodeg,3,844,211,41,17.266010457999073,0.0056782379979267,17.271688695997,16.881645217999903,34.1533339139969,37159.40806243625,0.0269110805588946,2641.546875,0.0,210.93603515625,,0.9471830985915493,0.9201216436672024,0.8698066639243109,0.0843294486403465,0.2842110693454742,0.7887323943661971,0.9357142857142856,0.8615384615384616,0.05471527793608,0.0636118193337985,0.58226677775383,0.919592463051515,0.0785714285714285,0.8873239436619719,0.0785714285714285,0.8972602739726028,0.8615384615384616,0.9357142857142856,0.7887323943661971,0.916083916083916,0.8235294117647058,0.8622233400402415,0.7414237821855049,0.3080568720379147,0.7887323943661971,0.0642857142857142,0.8849399833509116,0.8862559241706162
LightGBM,qsar-biodeg,3,844,211,41,7.328580665998743,0.0024188919996959,7.330999557998439,7.265712984997663,14.596712542996102,87229.98496689406,0.0114639431265209,2641.546875,0.0,210.93603515625,,0.935814889336016,0.903083950706629,0.8529616724738676,0.091011591719956,0.3032248888628123,0.7605633802816901,0.9285714285714286,0.84375,0.0576626373095071,0.0721107816622076,0.4394440271892468,0.9024493891890418,0.1,0.8732394366197183,0.1,0.8843537414965986,0.84375,0.9285714285714286,0.7605633802816901,0.9059233449477352,0.8,0.8445674044265594,0.708351348358637,0.3033175355450237,0.7605633802816901,0.0714285714285714,0.8702808923823835,0.8720379146919431
CatBoost,qsar-biodeg,3,844,211,41,124.42922216100123,0.0031226479986798,124.43234480899991,123.72446966699864,248.1568144759985,67570.8349190705,0.0147992796145966,2641.1796875,-0.3671875,210.93603515625,,0.9420523138832998,0.9138562175129964,0.8600224535619514,0.0855822497937152,0.2837202357304876,0.7887323943661971,0.9214285714285714,0.835820895522388,0.0529359561647418,0.0753256303353855,0.3046977340347642,0.9133234548830652,0.15,0.9295774647887324,0.15,0.8958333333333334,0.835820895522388,0.9214285714285714,0.7887323943661971,0.908450704225352,0.8115942028985508,0.8550804828973843,0.7208274923946822,0.3175355450236967,0.7887323943661971,0.0785714285714285,0.8758591800822104,0.8767772511848341
MLP,qsar-biodeg,3,844,211,41,4.734474416000012,0.0032391870008723,4.737713603000884,4.597625356000208,9.335338959001092,65139.78192780917,0.0153515971605323,2641.1796875,0.0,210.93603515625,,0.9122736418511066,0.8339499504856162,0.8381941867656153,0.108312577009201,0.4157030582427978,0.8169014084507042,0.8714285714285714,0.7631578947368421,0.0605051364943879,0.0813861493599464,0.5042143762111664,0.8318466679108565,0.1571428571428571,0.8873239436619719,0.1571428571428571,0.9037037037037036,0.7631578947368421,0.8714285714285714,0.8169014084507042,0.8872727272727273,0.7891156462585034,0.8441649899396378,0.6775107605321428,0.3601895734597156,0.8169014084507042,0.1285714285714285,0.854243567310595,0.8530805687203792
SAP-RPT-1,qsar-biodeg,3,844,211,41,3.968364280000969,1.3466162620024988,5.314980542003468,0.0,5.314980542003468,156.68903294658074,6.382067592428904,2781.01953125,139.83984375,595.490234375,,0.9456740442655936,0.9101339420350772,0.8492737518850701,0.0885125994682312,0.2834423780441284,0.7183098591549296,0.95,0.8793103448275862,0.0510959933330945,0.0844316393913816,0.5622972548007965,0.9095586091651058,0.1,0.8873239436619719,0.1,0.869281045751634,0.8793103448275862,0.95,0.7183098591549296,0.9078498293515358,0.7906976744186046,0.8341549295774648,0.7073125241380868,0.2748815165876777,0.7183098591549296,0.05,0.8684289620518291,0.8720379146919431
TabPFN,qsar-biodeg,4,844,211,41,0.6649901109994971,0.7270513379990007,1.3920414489984978,0.0,1.3920414489984978,290.21334351780905,3.445740938383889,2641.140625,0.0,210.93603515625,,0.94738430583501,0.921519085448382,0.8600224535619514,0.0828864648938179,0.2703979313373565,0.7887323943661971,0.9214285714285714,0.835820895522388,0.0485764274382478,0.0464568715807385,0.2350458602110544,0.9210427391307368,0.1071428571428571,0.8873239436619719,0.1071428571428571,0.8958333333333334,0.835820895522388,0.9214285714285714,0.7887323943661971,0.908450704225352,0.8115942028985508,0.8550804828973843,0.7208274923946822,0.3175355450236967,0.7887323943661971,0.0785714285714285,0.8758591800822104,0.8767772511848341
XGBoost,qsar-biodeg,4,844,211,41,20.24163435399896,0.0053406260012707,20.246974980000232,19.868033886003104,40.115008866003336,39508.46968900763,0.0253110237027048,2641.140625,0.0,210.93603515625,,0.9450704225352112,0.9180598885822244,0.8687810945273632,0.0833087787032127,0.2791430652141571,0.7746478873239436,0.9428571428571428,0.873015873015873,0.0417598313453355,0.0693009448948347,0.5216190020243328,0.9175309713229388,0.1,0.8873239436619719,0.1,0.8918918918918919,0.873015873015873,0.9428571428571428,0.7746478873239436,0.9166666666666666,0.8208955223880597,0.8587525150905433,0.7408273543450546,0.2985781990521327,0.7746478873239436,0.0571428571428571,0.8844403574544338,0.8862559241706162
LightGBM,qsar-biodeg,4,844,211,41,12.12631462599893,0.0032599820005998,12.12957460799953,11.851963968001655,23.981538576001185,64724.26388762618,0.0154501516616106,2641.140625,0.0,210.93603515625,,0.9450704225352112,0.9178735749863108,0.8648994749647843,0.0822778770042646,0.2770254200665619,0.7887323943661971,0.9285714285714286,0.8484848484848485,0.0429545162173615,0.0689302856968736,0.363970260356982,0.9173530315084352,0.1071428571428571,0.9154929577464788,0.1071428571428571,0.896551724137931,0.8484848484848485,0.9285714285714286,0.7887323943661971,0.912280701754386,0.8175182481751825,0.8586519114688129,0.7310387005970791,0.3127962085308057,0.7887323943661971,0.0714285714285714,0.8803938097917156,0.8815165876777251
CatBoost,qsar-biodeg,4,844,211,41,125.91359356500108,0.0031960439991962,125.91678960900026,123.4725696940004,249.38935930300067,66019.09549241704,0.0151471279582761,2641.91015625,0.76953125,210.93603515625,,0.9463782696177064,0.923724506110276,0.8757075169676014,0.0835937989040764,0.2806387499339788,0.8028169014084507,0.9357142857142856,0.8636363636363636,0.0550780754711169,0.0806624249565525,0.3281224370588615,0.9232797261069056,0.1,0.8873239436619719,0.1,0.903448275862069,0.8636363636363636,0.9357142857142856,0.8028169014084507,0.9192982456140352,0.8321167883211679,0.8692655935613682,0.752672524696095,0.3127962085308057,0.8028169014084507,0.0642857142857142,0.8899623050083783,0.8909952606635071
MLP,qsar-biodeg,4,844,211,41,5.494931646000623,0.0024501750012859,5.497381821001909,5.365273358002014,10.862655179003925,86116.26262327973,0.0116122037975638,2641.91015625,0.0,210.93603515625,,0.9194164989939636,0.8572070208495292,0.8492549499897939,0.1031169593334198,0.3553822636604309,0.7746478873239436,0.9142857142857144,0.8208955223880597,0.0452229077640867,0.0476838839350718,0.4399178624153137,0.8557268962943855,0.1214285714285714,0.8450704225352113,0.1214285714285714,0.8888888888888888,0.8208955223880597,0.9142857142857144,0.7746478873239436,0.9014084507042254,0.7971014492753623,0.8444668008048289,0.699281295922763,0.3175355450236967,0.7746478873239436,0.0857142857142857,0.8663098862423805,0.8672985781990521
SAP-RPT-1,qsar-biodeg,4,844,211,41,3.965564403002645,1.342293887002597,5.3078582900052425,0.0,5.3078582900052425,157.19359365777854,6.361582402855911,2736.75,94.83984375,595.490234375,,0.9456740442655936,0.9101339420350772,0.8492737518850701,0.0885125994682312,0.2834423780441284,0.7183098591549296,0.95,0.8793103448275862,0.0510959933330945,0.0844316393913816,0.5622972548007965,0.9095586091651058,0.1,0.8873239436619719,0.1,0.869281045751634,0.8793103448275862,0.95,0.7183098591549296,0.9078498293515358,0.7906976744186046,0.8341549295774648,0.7073125241380868,0.2748815165876777,0.7183098591549296,0.05,0.8684289620518291,0.8720379146919431
SAP-RPT-1,titanic,0,1047,262,13,3.337009366998245,0.5811445469989849,3.91815391399723,0.0,3.91815391399723,450.8344798245576,2.218108958011393,2741.4296875,100.37109375,595.490234375,,0.9890432098765432,0.9879611216034366,0.959245893479343,0.0301493629813194,0.1168162822723388,0.93,0.9814814814814816,0.96875,0.0152077443990145,0.0227262156940854,0.6178585588932037,0.9879429502603766,0.0432098765432098,0.98,0.0432098765432098,0.9578313253012049,0.96875,0.9814814814814816,0.93,0.9695121951219512,0.9489795918367347,0.9557407407407408,0.9190003912396428,0.366412213740458,0.93,0.0185185185185185,0.9616753236390444,0.9618320610687024
TabPFN,titanic,1,1047,262,13,0.6579217850012355,0.7368746649990499,1.3947964500002854,0.0,1.3947964500002854,355.5557167171464,2.812498721370419,2740.734375,0.0,210.93603515625,,0.9926234567901234,0.9881964232660746,0.959245893479343,0.0328342206776142,0.1331106573343277,0.93,0.9814814814814816,0.96875,0.0224753780048767,0.0259680422556138,0.3382061570882797,0.9881662742166494,0.037037037037037,0.97,0.037037037037037,0.9578313253012049,0.96875,0.9814814814814816,0.93,0.9695121951219512,0.9489795918367347,0.9557407407407408,0.9190003912396428,0.366412213740458,0.93,0.0185185185185185,0.9616753236390444,0.9618320610687024
XGBoost,titanic,1,1047,262,13,5.99853727899972,0.0031817669987503,6.00171904599847,5.910411146000115,11.912130191998584,82344.15586016895,0.0121441488501923,2740.734375,0.0,210.93603515625,,0.9835802469135804,0.9830797083499826,0.959245893479343,0.0300786215811967,0.1215846836566925,0.93,0.9814814814814816,0.96875,0.0090852108435662,0.0225078891251833,0.7186776101589203,0.983082969137436,0.0308641975308641,0.97,0.0308641975308641,0.9578313253012049,0.96875,0.9814814814814816,0.93,0.9695121951219512,0.9489795918367347,0.9557407407407408,0.9190003912396428,0.366412213740458,0.93,0.0185185185185185,0.9616753236390444,0.9618320610687024
LightGBM,titanic,1,1047,262,13,5.154343692000111,0.0020238180004525,5.156367510000564,5.083052990998112,10.239420500998676,129458.2173313958,0.0077244961849335,2740.734375,0.0,210.93603515625,,0.9871296296296296,0.9868210682763954,0.959245893479343,0.0387975146100041,0.1804392279416912,0.93,0.9814814814814816,0.96875,0.0877849737476044,0.0877849737476044,0.1971861379510391,0.9868944060288132,0.0308641975308641,0.96,0.0308641975308641,0.9578313253012049,0.96875,0.9814814814814816,0.93,0.9695121951219512,0.9489795918367347,0.9557407407407408,0.9190003912396428,0.366412213740458,0.93,0.0185185185185185,0.9616753236390444,0.9618320610687024
CatBoost,titanic,1,1047,262,13,123.95245189600246,0.0019926879976992,123.95444458400016,121.7277938490006,245.68223843300075,131480.62758539047,0.0076056793805314,2740.94921875,0.21484375,210.93603515625,,0.9885493827160492,0.9851390300286742,0.959245893479343,0.0313854992815858,0.1201604909729606,0.93,0.9814814814814816,0.96875,0.0140614722803691,0.0211165885906831,0.2079070373575936,0.9850953743533708,0.037037037037037,0.97,0.037037037037037,0.9578313253012049,0.96875,0.9814814814814816,0.93,0.9695121951219512,0.9489795918367347,0.9557407407407408,0.9190003912396428,0.366412213740458,0.93,0.0185185185185185,0.9616753236390444,0.9618320610687024
MLP,titanic,1,1047,262,13,8.00047177200031,0.0029367660026764,8.003408538002986,7.71891990199947,15.722328440002457,89213.75095852817,0.0112090305445666,2740.94921875,0.0,210.93603515625,,0.9849382716049382,0.9813582041907256,0.9516634893302997,0.0430769883096218,0.1657451093196869,0.95,0.9567901234567902,0.931372549019608,0.0393651949227538,0.0442047841413273,0.3524872660636902,0.9812830392594042,0.0493827160493827,0.96,0.0493827160493827,0.96875,0.931372549019608,0.9567901234567902,0.95,0.9627329192546584,0.9405940594059404,0.953395061728395,0.9034501853183332,0.3893129770992366,0.95,0.0432098765432098,0.9542829727475142,0.9541984732824428
SAP-RPT-1,titanic,1,1047,262,13,3.256701386999339,0.5614279490000627,3.8181293359994015,0.0,3.8181293359994015,466.6671832066265,2.142854767175812,2755.0859375,14.13671875,595.490234375,,0.9890432098765432,0.9879611216034366,0.959245893479343,0.0301493629813194,0.1168162822723388,0.93,0.9814814814814816,0.96875,0.0152077443990145,0.0227262156940854,0.6178585588932037,0.9879429502603766,0.0432098765432098,0.98,0.0432098765432098,0.9578313253012049,0.96875,0.9814814814814816,0.93,0.9695121951219512,0.9489795918367347,0.9557407407407408,0.9190003912396428,0.366412213740458,0.93,0.0185185185185185,0.9616753236390444,0.9618320610687024
TabPFN,titanic,2,1047,262,13,0.6564175839994277,0.7161314270015282,1.372549011000956,0.0,1.372549011000956,365.854631923012,2.7333260572577416,2641.984375,0.0,210.93603515625,,0.9926234567901234,0.9881964232660746,0.959245893479343,0.0328342206776142,0.1331106573343277,0.93,0.9814814814814816,0.96875,0.0224753780048767,0.0259680422556138,0.3382061570882797,0.9881662742166494,0.037037037037037,0.97,0.037037037037037,0.9578313253012049,0.96875,0.9814814814814816,0.93,0.9695121951219512,0.9489795918367347,0.9557407407407408,0.9190003912396428,0.366412213740458,0.93,0.0185185185185185,0.9616753236390444,0.9618320610687024
XGBoost,titanic,2,1047,262,13,5.091121404002479,0.0030205709990696,5.094141975001548,5.046982372001367,10.141124347002917,86738.5382903308,0.0115288969430137,2641.984375,0.0,210.93603515625,,0.9825617283950616,0.9818353317889198,0.959245893479343,0.0320108644664287,0.1282923966646194,0.93,0.9814814814814816,0.96875,0.0213424241639503,0.0205133979471812,0.2687755823135376,0.9823644971535976,0.0308641975308641,0.97,0.0308641975308641,0.9578313253012049,0.96875,0.9814814814814816,0.93,0.9695121951219512,0.9489795918367347,0.9557407407407408,0.9190003912396428,0.366412213740458,0.93,0.0185185185185185,0.9616753236390444,0.9618320610687024
LightGBM,titanic,2,1047,262,13,5.842601660999208,0.0020620409995899,5.8446637019987975,5.775517039000988,11.620180740999784,127058.51774701964,0.0078703854946181,2641.984375,0.0,210.93603515625,,0.9887345679012346,0.988456537337067,0.959245893479343,0.033758277366461,0.1544811391090708,0.93,0.9814814814814816,0.96875,0.0733516692370325,0.0747239386218895,0.3394831101817951,0.9884446559565088,0.0432098765432098,0.98,0.0432098765432098,0.9578313253012049,0.96875,0.9814814814814816,0.93,0.9695121951219512,0.9489795918367347,0.9557407407407408,0.9190003912396428,0.366412213740458,0.93,0.0185185185185185,0.9616753236390444,0.9618320610687024
CatBoost,titanic,2,1047,262,13,124.65609692100044,0.001799812001991,124.65789673300242,122.83492930200008,247.4928260350025,145570.6785705828,0.0068695114579812,2642.68359375,0.69921875,210.93603515625,,0.9853703703703705,0.9839411627567876,0.959245893479343,0.0313919530356217,0.1216785335129538,0.93,0.9814814814814816,0.96875,0.0128885482549636,0.020357516045698,0.2600787881392423,0.9839095682078032,0.037037037037037,0.96,0.037037037037037,0.9578313253012049,0.96875,0.9814814814814816,0.93,0.9695121951219512,0.9489795918367347,0.9557407407407408,0.9190003912396428,0.366412213740458,0.93,0.0185185185185185,0.9616753236390444,0.9618320610687024
MLP,titanic,2,1047,262,13,7.629556946001685,0.0030589759990107,7.632615922000696,7.36595036899962,14.998566291000316,85649.54888014222,0.0116754809122546,2642.68359375,0.0,210.93603515625,,0.9737037037037036,0.973781283425231,0.934520462355514,0.0440229885280132,0.1600077897310257,0.89,0.9691358024691358,0.946808510638298,0.0342182353963606,0.0359296434068384,0.718352735042572,0.973693262085465,0.0432098765432098,0.95,0.0432098765432098,0.9345238095238096,0.946808510638298,0.9691358024691358,0.89,0.9515151515151516,0.9175257731958762,0.929567901234568,0.8701632893454293,0.3587786259541984,0.89,0.0308641975308641,0.9385421063551228,0.9389312977099236
SAP-RPT-1,titanic,2,1047,262,13,3.675579155999003,0.5588261650009372,4.23440532099994,0.0,4.23440532099994,468.83989322640383,2.132924293896707,2757.26953125,114.5859375,595.490234375,,0.9890432098765432,0.9879611216034366,0.959245893479343,0.0301493629813194,0.1168162822723388,0.93,0.9814814814814816,0.96875,0.0152077443990145,0.0227262156940854,0.6178585588932037,0.9879429502603766,0.0432098765432098,0.98,0.0432098765432098,0.9578313253012049,0.96875,0.9814814814814816,0.93,0.9695121951219512,0.9489795918367347,0.9557407407407408,0.9190003912396428,0.366412213740458,0.93,0.0185185185185185,0.9616753236390444,0.9618320610687024
TabPFN,titanic,3,1047,262,13,0.6602541960019153,0.7581010130015784,1.4183552090034937,0.0,1.4183552090034937,345.6003819557673,2.8935153167999177,2642.51953125,0.0,210.93603515625,,0.9926234567901234,0.9881964232660746,0.959245893479343,0.0328342206776142,0.1331106573343277,0.93,0.9814814814814816,0.96875,0.0224753780048767,0.0259680422556138,0.3382061570882797,0.9881662742166494,0.037037037037037,0.97,0.037037037037037,0.9578313253012049,0.96875,0.9814814814814816,0.93,0.9695121951219512,0.9489795918367347,0.9557407407407408,0.9190003912396428,0.366412213740458,0.93,0.0185185185185185,0.9616753236390444,0.9618320610687024
XGBoost,titanic,3,1047,262,13,5.940974213001027,0.0032292970026901,5.944203510003717,5.8679021680000005,11.812105678003718,81132.18407893684,0.01232556107897,2642.51953125,0.0,210.93603515625,,0.9838580246913582,0.9829861738654888,0.959245893479343,0.0306481886655092,0.1230042725801467,0.93,0.9814814814814816,0.96875,0.0136527469353252,0.0173218397508936,0.6212644875049591,0.982971264242789,0.0185185185185185,0.95,0.0185185185185185,0.9578313253012049,0.96875,0.9814814814814816,0.93,0.9695121951219512,0.9489795918367347,0.9557407407407408,0.9190003912396428,0.366412213740458,0.93,0.0185185185185185,0.9616753236390444,0.9618320610687024
LightGBM,titanic,3,1047,262,13,9.523999305998586,0.0022651990002486,9.526264504998837,9.427513119997457,18.95377762499629,115663.07609537184,0.0086457977108728,2642.51953125,0.0,210.93603515625,,0.9902777777777778,0.9885764487270609,0.959245893479343,0.0310029581367067,0.1317041109261991,0.93,0.9814814814814816,0.96875,0.0436991621434189,0.0505841990739471,0.3474688667083964,0.9885646303309286,0.0432098765432098,0.97,0.0432098765432098,0.9578313253012049,0.96875,0.9814814814814816,0.93,0.9695121951219512,0.9489795918367347,0.9557407407407408,0.9190003912396428,0.366412213740458,0.93,0.0185185185185185,0.9616753236390444,0.9618320610687024
CatBoost,titanic,3,1047,262,13,122.3080015409978,0.001854883001215,122.309856423999,120.46492374300216,242.77478016700115,141248.72489512805,0.0070797061115078,2641.6328125,-0.88671875,210.93603515625,,0.986574074074074,0.9842397759842906,0.959245893479343,0.0317732347899943,0.1217269887659605,0.93,0.9814814814814816,0.96875,0.0168744484744563,0.0159686367340253,0.2156987680383676,0.984199307594388,0.037037037037037,0.97,0.037037037037037,0.9578313253012049,0.96875,0.9814814814814816,0.93,0.9695121951219512,0.9489795918367347,0.9557407407407408,0.9190003912396428,0.366412213740458,0.93,0.0185185185185185,0.9616753236390444,0.9618320610687024
MLP,titanic,3,1047,262,13,7.914360981001664,0.0033738019992597,7.917734783000924,7.6743722229985,15.592107005999424,77657.17205701889,0.0128771068674035,2641.6328125,0.0,210.93603515625,,0.980895061728395,0.9786953623892202,0.940108809948338,0.0532622374594211,0.1909814924001693,0.96,0.9320987654320988,0.897196261682243,0.0737886567038434,0.0743384577390801,0.5841677784919739,0.9786348175782896,0.0308641975308641,0.94,0.0308641975308641,0.9741935483870968,0.897196261682243,0.9320987654320988,0.96,0.9526813880126184,0.927536231884058,0.9460493827160494,0.8816834884316306,0.4083969465648855,0.96,0.0679012345679012,0.94308400017729,0.9427480916030534
SAP-RPT-1,titanic,3,1047,262,13,3.374214183000732,0.5683538949997455,3.942568078000477,0.0,3.942568078000477,460.9803888810104,2.169289675571548,2769.7109375,128.078125,595.490234375,,0.9890432098765432,0.9879611216034366,0.959245893479343,0.0301493629813194,0.1168162822723388,0.93,0.9814814814814816,0.96875,0.0152077443990145,0.0227262156940854,0.6178585588932037,0.9879429502603766,0.0432098765432098,0.98,0.0432098765432098,0.9578313253012049,0.96875,0.9814814814814816,0.93,0.9695121951219512,0.9489795918367347,0.9557407407407408,0.9190003912396428,0.366412213740458,0.93,0.0185185185185185,0.9616753236390444,0.9618320610687024
TabPFN,titanic,4,1047,262,13,0.662230541001918,0.7385323560010875,1.4007628970030055,0.0,1.4007628970030055,354.7576453709993,2.8188257862636927,2641.4609375,0.0,210.93603515625,,0.9926234567901234,0.9881964232660746,0.959245893479343,0.0328342206776142,0.1331106573343277,0.93,0.9814814814814816,0.96875,0.0224753780048767,0.0259680422556138,0.3382061570882797,0.9881662742166494,0.037037037037037,0.97,0.037037037037037,0.9578313253012049,0.96875,0.9814814814814816,0.93,0.9695121951219512,0.9489795918367347,0.9557407407407408,0.9190003912396428,0.366412213740458,0.93,0.0185185185185185,0.9616753236390444,0.9618320610687024
XGBoost,titanic,4,1047,262,13,5.737448956999288,0.0033590940001886,5.740808050999476,5.635262173000228,11.376070223999704,77997.19864585166,0.0128209694663688,2641.4609375,0.0,210.93603515625,,0.9837962962962964,0.983813732637113,0.959245893479343,0.0314936302602291,0.1319797933101654,0.93,0.9814814814814816,0.96875,0.0310045968143994,0.0444771107854961,0.4811033308506012,0.9842179835343944,0.0246913580246913,0.95,0.0246913580246913,0.9578313253012049,0.96875,0.9814814814814816,0.93,0.9695121951219512,0.9489795918367347,0.9557407407407408,0.9190003912396428,0.366412213740458,0.93,0.0185185185185185,0.9616753236390444,0.9618320610687024
LightGBM,titanic,4,1047,262,13,4.902763548998337,0.0020043559998157,4.9047679049981525,4.857511034999334,9.762278939997486,130715.2368685245,0.0076502137397547,2641.4609375,0.0,210.93603515625,,0.9874382716049382,0.9873940822800604,0.959245893479343,0.0415811105175764,0.1964230095347035,0.93,0.9814814814814816,0.96875,0.1054707197674976,0.1078084147749636,0.2082910688389184,0.9874130787305196,0.037037037037037,0.97,0.037037037037037,0.9578313253012049,0.96875,0.9814814814814816,0.93,0.9695121951219512,0.9489795918367347,0.9557407407407408,0.9190003912396428,0.366412213740458,0.93,0.0185185185185185,0.9616753236390444,0.9618320610687024
CatBoost,titanic,4,1047,262,13,122.03225114000088,0.0017420219992345,122.03399316200012,121.60580110699811,243.63979426899823,150399.85127356017,0.0066489389283762,2642.13671875,0.67578125,210.93603515625,,0.9835802469135804,0.9820671508567016,0.959245893479343,0.0702862281018574,0.2973332965660419,0.93,0.9814814814814816,0.96875,0.1952463576621995,0.1896202773492614,0.2129762023749364,0.9820207839343458,0.0246913580246913,0.95,0.0246913580246913,0.9578313253012049,0.96875,0.9814814814814816,0.93,0.9695121951219512,0.9489795918367347,0.9557407407407408,0.9190003912396428,0.366412213740458,0.93,0.0185185185185185,0.9616753236390444,0.9618320610687024
MLP,titanic,4,1047,262,13,6.946648515000561,0.0024428269971394,6.9490913419977005,6.740659256000072,13.689750597997772,107252.74162028494,0.0093237671646545,2642.13671875,0.0,210.93603515625,,0.9731790123456792,0.9734444768274272,0.9473366834170854,0.0443819165229797,0.1932082623243332,0.93,0.9629629629629628,0.9393939393939394,0.0427568762364107,0.0462978546230392,0.5684342384338379,0.9733708070945766,0.0308641975308641,0.93,0.0308641975308641,0.9570552147239264,0.9393939393939394,0.9629629629629628,0.93,0.96,0.9346733668341708,0.9464814814814816,0.8947043605609236,0.3778625954198473,0.93,0.037037037037037,0.9503333461199124,0.950381679389313
SAP-RPT-1,titanic,4,1047,262,13,3.4451950740003667,0.5713191680006275,4.016514242000994,0.0,4.016514242000994,458.5877985825332,2.180607511452777,2756.71484375,114.578125,595.490234375,,0.9890432098765432,0.9879611216034366,0.959245893479343,0.0301493629813194,0.1168162822723388,0.93,0.9814814814814816,0.96875,0.0152077443990145,0.0227262156940854,0.6178585588932037,0.9879429502603766,0.0432098765432098,0.98,0.0432098765432098,0.9578313253012049,0.96875,0.9814814814814816,0.93,0.9695121951219512,0.9489795918367347,0.9557407407407408,0.9190003912396428,0.366412213740458,0.93,0.0185185185185185,0.9616753236390444,0.9618320610687024
SAP-RPT-1,kc1,0,1687,422,21,3.814846822999925,1.4558278249999148,5.27067464799984,0.0,5.27067464799984,289.86944229490547,3.449828969194112,2234.76171875,87.35546875,394.05419921875,,0.8374703727644904,0.5469598262999738,0.6166040100250627,0.0985059440135955,0.3259025812149048,0.2,0.9831932773109244,0.6842105263157895,0.0375198268230068,0.0446344456895832,0.2947393655776977,0.5436745111409385,0.1904761904761904,0.7692307692307693,0.1904761904761904,0.8709677419354839,0.6842105263157895,0.9831932773109244,0.2,0.9236842105263158,0.3095238095238095,0.5915966386554622,0.3189120983166902,0.0450236966824644,0.2,0.0168067226890756,0.8290860444951241,0.8625592417061612
SAP-RPT-1,kc1,1,1687,422,21,3.751348126000039,1.470375618999924,5.221723744999963,0.0,5.221723744999963,287.0014942168463,3.484302414691763,2245.12109375,10.1328125,394.05419921875,,0.8374703727644904,0.5469598262999738,0.6166040100250627,0.0985059440135955,0.3259025812149048,0.2,0.9831932773109244,0.6842105263157895,0.0375198268230068,0.0446344456895832,0.2947393655776977,0.5436745111409385,0.1904761904761904,0.7692307692307693,0.1904761904761904,0.8709677419354839,0.6842105263157895,0.9831932773109244,0.2,0.9236842105263158,0.3095238095238095,0.5915966386554622,0.3189120983166902,0.0450236966824644,0.2,0.0168067226890756,0.8290860444951241,0.8625592417061612
SAP-RPT-1,kc1,2,1687,422,21,3.719187791999957,1.4838885130000108,5.203076304999968,0.0,5.203076304999968,284.3879415593326,3.5163234905213527,2247.375,76.375,394.05419921875,,0.8374703727644904,0.5469598262999738,0.6166040100250627,0.0985059440135955,0.3259025812149048,0.2,0.9831932773109244,0.6842105263157895,0.0375198268230068,0.0446344456895832,0.2947393655776977,0.5436745111409385,0.1904761904761904,0.7692307692307693,0.1904761904761904,0.8709677419354839,0.6842105263157895,0.9831932773109244,0.2,0.9236842105263158,0.3095238095238095,0.5915966386554622,0.3189120983166902,0.0450236966824644,0.2,0.0168067226890756,0.8290860444951241,0.8625592417061612
SAP-RPT-1,kc1,3,1687,422,21,3.7475291690000176,1.4893449259998306,5.236874094999848,0.0,5.236874094999848,283.346048554438,3.529253379146518,2247.37890625,76.375,394.05419921875,,0.8374703727644904,0.5469598262999738,0.6166040100250627,0.0985059440135955,0.3259025812149048,0.2,0.9831932773109244,0.6842105263157895,0.0375198268230068,0.0446344456895832,0.2947393655776977,0.5436745111409385,0.1904761904761904,0.7692307692307693,0.1904761904761904,0.8709677419354839,0.6842105263157895,0.9831932773109244,0.2,0.9236842105263158,0.3095238095238095,0.5915966386554622,0.3189120983166902,0.0450236966824644,0.2,0.0168067226890756,0.8290860444951241,0.8625592417061612
SAP-RPT-1,kc1,4,1687,422,21,3.873228912000058,1.4770970289998786,5.350325940999937,0.0,5.350325940999937,285.69551724034994,3.5002299265399968,2245.12890625,74.125,394.05419921875,,0.8374703727644904,0.5469598262999738,0.6166040100250627,0.0985059440135955,0.3259025812149048,0.2,0.9831932773109244,0.6842105263157895,0.0375198268230068,0.0446344456895832,0.2947393655776977,0.5436745111409385,0.1904761904761904,0.7692307692307693,0.1904761904761904,0.8709677419354839,0.6842105263157895,0.9831932773109244,0.2,0.9236842105263158,0.3095238095238095,0.5915966386554622,0.3189120983166902,0.0450236966824644,0.2,0.0168067226890756,0.8290860444951241,0.8625592417061612
SAP-RPT-1,kc2,0,417,105,21,2.8798812669999734,0.3668650810000144,3.246746347999988,0.0,3.246746347999988,286.2087594370616,3.4939531523810903,2245.27734375,74.1328125,394.05419921875,,0.7354874041621028,0.5187744135051892,0.6490641711229946,0.14128178358078,0.4893086850643158,0.3181818181818182,0.9397590361445785,0.5833333333333334,0.1086485367445718,0.139099354829107,0.7552716732025146,0.5071148391326584,0.3975903614457831,0.8181818181818182,0.3975903614457831,0.8387096774193549,0.5833333333333334,0.9397590361445785,0.3181818181818182,0.8863636363636364,0.4117647058823529,0.6289704271631983,0.3299426234302457,0.1142857142857142,0.3181818181818182,0.0602409638554216,0.7869238604532722,0.8095238095238095
SAP-RPT-1,kc2,1,417,105,21,2.7706441539999105,0.3636658799998713,3.134310033999782,0.0,3.134310033999782,288.72656327096337,3.4634845714273457,2245.28125,74.12890625,394.05419921875,,0.7354874041621028,0.5187744135051892,0.6490641711229946,0.14128178358078,0.4893086850643158,0.3181818181818182,0.9397590361445785,0.5833333333333334,0.1086485367445718,0.139099354829107,0.7552716732025146,0.5071148391326584,0.3975903614457831,0.8181818181818182,0.3975903614457831,0.8387096774193549,0.5833333333333334,0.9397590361445785,0.3181818181818182,0.8863636363636364,0.4117647058823529,0.6289704271631983,0.3299426234302457,0.1142857142857142,0.3181818181818182,0.0602409638554216,0.7869238604532722,0.8095238095238095
SAP-RPT-1,kc2,2,417,105,21,2.814359889000116,0.364307725000117,3.178667614000233,0.0,3.178667614000233,288.2178787500276,3.469597380953495,2245.28125,74.125,394.05419921875,,0.7354874041621028,0.5187744135051892,0.6490641711229946,0.14128178358078,0.4893086850643158,0.3181818181818182,0.9397590361445785,0.5833333333333334,0.1086485367445718,0.139099354829107,0.7552716732025146,0.5071148391326584,0.3975903614457831,0.8181818181818182,0.3975903614457831,0.8387096774193549,0.5833333333333334,0.9397590361445785,0.3181818181818182,0.8863636363636364,0.4117647058823529,0.6289704271631983,0.3299426234302457,0.1142857142857142,0.3181818181818182,0.0602409638554216,0.7869238604532722,0.8095238095238095
SAP-RPT-1,kc2,3,417,105,21,2.811439344999826,0.3641113659998609,3.175550710999687,0.0,3.175550710999687,288.3733096968656,3.4677272952367706,2245.28125,74.125,394.05419921875,,0.7354874041621028,0.5187744135051892,0.6490641711229946,0.14128178358078,0.4893086850643158,0.3181818181818182,0.9397590361445785,0.5833333333333334,0.1086485367445718,0.139099354829107,0.7552716732025146,0.5071148391326584,0.3975903614457831,0.8181818181818182,0.3975903614457831,0.8387096774193549,0.5833333333333334,0.9397590361445785,0.3181818181818182,0.8863636363636364,0.4117647058823529,0.6289704271631983,0.3299426234302457,0.1142857142857142,0.3181818181818182,0.0602409638554216,0.7869238604532722,0.8095238095238095
SAP-RPT-1,kc2,4,417,105,21,2.830397562999906,0.3663491620000059,3.196746724999912,0.0,3.196746724999912,286.6118190093921,3.4890396380952944,2245.28125,74.125,394.05419921875,,0.7354874041621028,0.5187744135051892,0.6490641711229946,0.14128178358078,0.4893086850643158,0.3181818181818182,0.9397590361445785,0.5833333333333334,0.1086485367445718,0.139099354829107,0.7552716732025146,0.5071148391326584,0.3975903614457831,0.8181818181818182,0.3975903614457831,0.8387096774193549,0.5833333333333334,0.9397590361445785,0.3181818181818182,0.8863636363636364,0.4117647058823529,0.6289704271631983,0.3299426234302457,0.1142857142857142,0.3181818181818182,0.0602409638554216,0.7869238604532722,0.8095238095238095
SAP-RPT-1,ozone-level,0,2027,507,72,7.389198705000126,6.417633930999955,13.80683263600008,0.0,13.80683263600008,79.00107818116098,12.658055090729697,2247.55078125,74.1328125,394.05419921875,,0.9384868421052632,0.5828420885689232,0.7533890240033838,0.0388097837567329,0.1326153725385666,0.40625,0.991578947368421,0.7647058823529411,0.0323660708927132,0.0360080250254161,0.4287357330322265,0.5755199122967289,0.2105263157894736,1.0,0.2105263157894736,0.9612244897959183,0.7647058823529411,0.991578947368421,0.40625,0.9761658031088084,0.5306122448979592,0.6989144736842106,0.5373975398294516,0.0335305719921104,0.40625,0.0084210526315789,0.9480440795136462,0.9546351084812624
SAP-RPT-1,ozone-level,1,2027,507,72,7.559851080000044,6.527555008000036,14.08740608800008,0.0,14.08740608800008,77.67073571972364,12.87486194871802,2251.74609375,4.49609375,394.05419921875,,0.9384868421052632,0.5828420885689232,0.7533890240033838,0.0388097837567329,0.1326153725385666,0.40625,0.991578947368421,0.7647058823529411,0.0323660708927132,0.0360080250254161,0.4287357330322265,0.5755199122967289,0.2105263157894736,1.0,0.2105263157894736,0.9612244897959183,0.7647058823529411,0.991578947368421,0.40625,0.9761658031088084,0.5306122448979592,0.6989144736842106,0.5373975398294516,0.0335305719921104,0.40625,0.0084210526315789,0.9480440795136462,0.9546351084812624
SAP-RPT-1,ozone-level,2,2027,507,72,7.496619173999989,6.625290778999897,14.121909952999886,0.0,14.121909952999886,76.52494310597004,13.067634672583624,2251.74609375,0.0,394.05419921875,,0.9384868421052632,0.5828420885689232,0.7533890240033838,0.0388097837567329,0.1326153725385666,0.40625,0.991578947368421,0.7647058823529411,0.0323660708927132,0.0360080250254161,0.4287357330322265,0.5755199122967289,0.2105263157894736,1.0,0.2105263157894736,0.9612244897959183,0.7647058823529411,0.991578947368421,0.40625,0.9761658031088084,0.5306122448979592,0.6989144736842106,0.5373975398294516,0.0335305719921104,0.40625,0.0084210526315789,0.9480440795136462,0.9546351084812624
SAP-RPT-1,ozone-level,3,2027,507,72,7.610016463000193,6.762946817000056,14.37296328000025,0.0,14.37296328000025,74.96732025905985,13.33914559566086,2251.74609375,0.0,394.05419921875,,0.9384868421052632,0.5828420885689232,0.7533890240033838,0.0388097837567329,0.1326153725385666,0.40625,0.991578947368421,0.7647058823529411,0.0323660708927132,0.0360080250254161,0.4287357330322265,0.5755199122967289,0.2105263157894736,1.0,0.2105263157894736,0.9612244897959183,0.7647058823529411,0.991578947368421,0.40625,0.9761658031088084,0.5306122448979592,0.6989144736842106,0.5373975398294516,0.0335305719921104,0.40625,0.0084210526315789,0.9480440795136462,0.9546351084812624
SAP-RPT-1,ozone-level,4,2027,507,72,7.853622609000013,7.024431062000076,14.878053671000089,0.0,14.878053671000089,72.17666391097936,13.854893613412376,2251.74609375,0.0,394.05419921875,,0.9384868421052632,0.5828420885689232,0.7533890240033838,0.0388097837567329,0.1326153725385666,0.40625,0.991578947368421,0.7647058823529411,0.0323660708927132,0.0360080250254161,0.4287357330322265,0.5755199122967289,0.2105263157894736,1.0,0.2105263157894736,0.9612244897959183,0.7647058823529411,0.991578947368421,0.40625,0.9761658031088084,0.5306122448979592,0.6989144736842106,0.5373975398294516,0.0335305719921104,0.40625,0.0084210526315789,0.9480440795136462,0.9546351084812624
SAP-RPT-1,pc1,0,887,222,21,3.1144533560000127,0.7734169919999658,3.8878703479999785,0.0,3.8878703479999785,287.0379135825502,3.4838603243241706,2252.3984375,0.5,394.05419921875,,0.8909822866344606,0.583965395843666,0.6975851393188854,0.0440041497349739,0.1617936491966247,0.2666666666666666,1.0,1.0,0.0204796719423554,0.034927215250964,0.4814538359642029,0.5756064612152708,0.0483091787439613,0.7333333333333333,0.0483091787439613,0.9495412844036696,1.0,1.0,0.2666666666666666,0.9741176470588236,0.4210526315789473,0.6333333333333333,0.503200764282321,0.018018018018018,0.2666666666666666,0.0,0.9367483892561292,0.9504504504504504
SAP-RPT-1,pc1,1,887,222,21,3.178050659000064,0.7660467120001613,3.9440973710002254,0.0,3.9440973710002254,289.7995595210566,3.450660864865591,2259.1484375,6.75,394.05419921875,,0.8909822866344606,0.583965395843666,0.6975851393188854,0.0440041497349739,0.1617936491966247,0.2666666666666666,1.0,1.0,0.0204796719423554,0.034927215250964,0.4814538359642029,0.5756064612152708,0.0483091787439613,0.7333333333333333,0.0483091787439613,0.9495412844036696,1.0,1.0,0.2666666666666666,0.9741176470588236,0.4210526315789473,0.6333333333333333,0.503200764282321,0.018018018018018,0.2666666666666666,0.0,0.9367483892561292,0.9504504504504504
SAP-RPT-1,pc1,2,887,222,21,3.0908305000000382,0.7725454740000259,3.863375974000064,0.0,3.863375974000064,287.3617245638421,3.4799345675676845,2259.1484375,0.0,394.05419921875,,0.8909822866344606,0.583965395843666,0.6975851393188854,0.0440041497349739,0.1617936491966247,0.2666666666666666,1.0,1.0,0.0204796719423554,0.034927215250964,0.4814538359642029,0.5756064612152708,0.0483091787439613,0.7333333333333333,0.0483091787439613,0.9495412844036696,1.0,1.0,0.2666666666666666,0.9741176470588236,0.4210526315789473,0.6333333333333333,0.503200764282321,0.018018018018018,0.2666666666666666,0.0,0.9367483892561292,0.9504504504504504
SAP-RPT-1,pc1,3,887,222,21,2.9043638589998864,0.7731836000000385,3.677547458999925,0.0,3.677547458999925,287.12455840095987,3.4828090090091828,2259.1484375,0.0,394.05419921875,,0.8909822866344606,0.583965395843666,0.6975851393188854,0.0440041497349739,0.1617936491966247,0.2666666666666666,1.0,1.0,0.0204796719423554,0.034927215250964,0.4814538359642029,0.5756064612152708,0.0483091787439613,0.7333333333333333,0.0483091787439613,0.9495412844036696,1.0,1.0,0.2666666666666666,0.9741176470588236,0.4210526315789473,0.6333333333333333,0.503200764282321,0.018018018018018,0.2666666666666666,0.0,0.9367483892561292,0.9504504504504504
SAP-RPT-1,pc1,4,887,222,21,3.061353908000001,0.7798838199998954,3.841237727999896,0.0,3.841237727999896,284.65778366240755,3.5129901801797088,2259.1484375,0.0,394.05419921875,,0.8909822866344606,0.583965395843666,0.6975851393188854,0.0440041497349739,0.1617936491966247,0.2666666666666666,1.0,1.0,0.0204796719423554,0.034927215250964,0.4814538359642029,0.5756064612152708,0.0483091787439613,0.7333333333333333,0.0483091787439613,0.9495412844036696,1.0,1.0,0.2666666666666666,0.9741176470588236,0.4210526315789473,0.6333333333333333,0.503200764282321,0.018018018018018,0.2666666666666666,0.0,0.9367483892561292,0.9504504504504504
SAP-RPT-1,phoneme,0,4323,1081,5,4.003888495999945,3.0722634870001,7.076151983000045,0.0,7.076151983000045,351.85784169302497,2.842056879741073,2259.49609375,-0.05078125,394.05419921875,,0.9551608667646622,0.9067085094903488,0.8705848699788639,0.0742609351873397,0.2503308653831482,0.7791798107255521,0.943717277486911,0.8517241379310345,0.0287140175910402,0.0371875331136609,0.2378218313058216,0.906620528251504,0.1295811518324607,0.9337539432176656,0.1295811518324607,0.911504424778761,0.8517241379310345,0.943717277486911,0.7791798107255521,0.9273311897106108,0.8138385502471169,0.8614485441062316,0.7427891394086846,0.2682701202590194,0.7791798107255521,0.056282722513089,0.8940498144007797,0.8954671600370028
SAP-RPT-1,phoneme,1,4323,1081,5,3.738318319999962,3.11154558599992,6.849863905999882,0.0,6.849863905999882,347.4157680724437,2.8783955467159297,2259.50390625,0.0078125,394.05419921875,,0.9551608667646622,0.9067085094903488,0.8705848699788639,0.0742609351873397,0.2503308653831482,0.7791798107255521,0.943717277486911,0.8517241379310345,0.0287140175910402,0.0371875331136609,0.2378218313058216,0.906620528251504,0.1295811518324607,0.9337539432176656,0.1295811518324607,0.911504424778761,0.8517241379310345,0.943717277486911,0.7791798107255521,0.9273311897106108,0.8138385502471169,0.8614485441062316,0.7427891394086846,0.2682701202590194,0.7791798107255521,0.056282722513089,0.8940498144007797,0.8954671600370028
SAP-RPT-1,phoneme,2,4323,1081,5,3.735396992000005,3.142062458000055,6.87745945000006,0.0,6.87745945000006,344.0415377178793,2.906625770582844,2259.50390625,0.0,394.05419921875,,0.9551608667646622,0.9067085094903488,0.8705848699788639,0.0742609351873397,0.2503308653831482,0.7791798107255521,0.943717277486911,0.8517241379310345,0.0287140175910402,0.0371875331136609,0.2378218313058216,0.906620528251504,0.1295811518324607,0.9337539432176656,0.1295811518324607,0.911504424778761,0.8517241379310345,0.943717277486911,0.7791798107255521,0.9273311897106108,0.8138385502471169,0.8614485441062316,0.7427891394086846,0.2682701202590194,0.7791798107255521,0.056282722513089,0.8940498144007797,0.8954671600370028
SAP-RPT-1,phoneme,3,4323,1081,5,3.7284048310000335,3.17173842000011,6.900143251000145,0.0,6.900143251000145,340.8225573845209,2.93407809435718,2261.75390625,2.25,394.05419921875,,0.9551608667646622,0.9067085094903488,0.8705848699788639,0.0742609351873397,0.2503308653831482,0.7791798107255521,0.943717277486911,0.8517241379310345,0.0287140175910402,0.0371875331136609,0.2378218313058216,0.906620528251504,0.1295811518324607,0.9337539432176656,0.1295811518324607,0.911504424778761,0.8517241379310345,0.943717277486911,0.7791798107255521,0.9273311897106108,0.8138385502471169,0.8614485441062316,0.7427891394086846,0.2682701202590194,0.7791798107255521,0.056282722513089,0.8940498144007797,0.8954671600370028
SAP-RPT-1,phoneme,4,4323,1081,5,3.837923584000009,3.204441332999977,7.042364916999986,0.0,7.042364916999986,337.3442941614508,2.964330557816816,2261.75390625,0.0,394.05419921875,,0.9551608667646622,0.9067085094903488,0.8705848699788639,0.0742609351873397,0.2503308653831482,0.7791798107255521,0.943717277486911,0.8517241379310345,0.0287140175910402,0.0371875331136609,0.2378218313058216,0.906620528251504,0.1295811518324607,0.9337539432176656,0.1295811518324607,0.911504424778761,0.8517241379310345,0.943717277486911,0.7791798107255521,0.9273311897106108,0.8138385502471169,0.8614485441062316,0.7427891394086846,0.2682701202590194,0.7791798107255521,0.056282722513089,0.8940498144007797,0.8954671600370028
SAP-RPT-1,sick,0,1250,313,37,4.221137025999951,2.108462706999944,6.329599732999895,0.0,6.329599732999895,148.4493886528859,6.736302578274582,2262.375,0.01953125,394.05419921875,,0.823342971530249,0.301022714772951,0.5237200143215182,0.0810827687382698,0.2698524296283722,0.0625,0.9857651245551602,0.3333333333333333,0.0309021752863265,0.0401701216701977,0.6433292627334595,0.2844758193006445,0.2775800711743772,0.875,0.2775800711743772,0.9022801302931596,0.3333333333333333,0.9857651245551602,0.0625,0.9421768707482994,0.1052631578947368,0.5241325622775801,0.1066391727687596,0.0191693290734824,0.0625,0.0142348754448398,0.8566138074533663,0.8913738019169329
SAP-RPT-1,sick,1,1250,313,37,4.093297296999936,2.095200304999935,6.18849760199987,0.0,6.18849760199987,149.38905798346602,6.69393068690075,2262.390625,0.0,394.05419921875,,0.823342971530249,0.301022714772951,0.5237200143215182,0.0810827687382698,0.2698524296283722,0.0625,0.9857651245551602,0.3333333333333333,0.0309021752863265,0.0401701216701977,0.6433292627334595,0.2844758193006445,0.2775800711743772,0.875,0.2775800711743772,0.9022801302931596,0.3333333333333333,0.9857651245551602,0.0625,0.9421768707482994,0.1052631578947368,0.5241325622775801,0.1066391727687596,0.0191693290734824,0.0625,0.0142348754448398,0.8566138074533663,0.8913738019169329
SAP-RPT-1,sick,2,1250,313,37,4.221776741999975,2.1288620880000053,6.35063882999998,0.0,6.35063882999998,147.02690306586564,6.801476319488835,2262.39453125,0.00390625,394.05419921875,,0.823342971530249,0.301022714772951,0.5237200143215182,0.0810827687382698,0.2698524296283722,0.0625,0.9857651245551602,0.3333333333333333,0.0309021752863265,0.0401701216701977,0.6433292627334595,0.2844758193006445,0.2775800711743772,0.875,0.2775800711743772,0.9022801302931596,0.3333333333333333,0.9857651245551602,0.0625,0.9421768707482994,0.1052631578947368,0.5241325622775801,0.1066391727687596,0.0191693290734824,0.0625,0.0142348754448398,0.8566138074533663,0.8913738019169329
SAP-RPT-1,sick,3,1250,313,37,4.3444794510000975,2.1106716159999905,6.455151067000088,0.0,6.455151067000088,148.2940299566275,6.743359795527126,2264.64453125,2.25,394.05419921875,,0.823342971530249,0.301022714772951,0.5237200143215182,0.0810827687382698,0.2698524296283722,0.0625,0.9857651245551602,0.3333333333333333,0.0309021752863265,0.0401701216701977,0.6433292627334595,0.2844758193006445,0.2775800711743772,0.875,0.2775800711743772,0.9022801302931596,0.3333333333333333,0.9857651245551602,0.0625,0.9421768707482994,0.1052631578947368,0.5241325622775801,0.1066391727687596,0.0191693290734824,0.0625,0.0142348754448398,0.8566138074533663,0.8913738019169329
SAP-RPT-1,sick,4,1250,313,37,4.089755911999873,2.1171875080001428,6.206943420000016,0.0,6.206943420000016,147.83763774792746,6.764177341853491,2264.64453125,0.0,394.05419921875,,0.823342971530249,0.301022714772951,0.5237200143215182,0.0810827687382698,0.2698524296283722,0.0625,0.9857651245551602,0.3333333333333333,0.0309021752863265,0.0401701216701977,0.6433292627334595,0.2844758193006445,0.2775800711743772,0.875,0.2775800711743772,0.9022801302931596,0.3333333333333333,0.9857651245551602,0.0625,0.9421768707482994,0.1052631578947368,0.5241325622775801,0.1066391727687596,0.0191693290734824,0.0625,0.0142348754448398,0.8566138074533663,0.8913738019169329
SAP-RPT-1,australian,0,6702,1676,120,15.687626337999973,27.50575029399988,43.193376631999854,0.0,43.193376631999854,60.93271341537158,16.411545521479646,1611.94140625,928.33203125,393.42919921875,,0.8727225672877847,0.5897538845198864,0.70357441083689,0.1534537076950073,0.469442754983902,0.8152173913043478,0.775,0.4166666666666667,0.1996022482049209,0.1996022493874116,0.4270731387911616,0.5887189110493066,0.2414285714285714,0.855072463768116,0.2414285714285714,0.9551056338028168,0.4166666666666667,0.775,0.8152173913043478,0.8556782334384858,0.5514705882352942,0.7951086956521739,0.4684297998017576,0.3221957040572792,0.8152173913043478,0.225,0.805581986376385,0.7816229116945107
SAP-RPT-1,australian,1,6702,1676,120,12.486917894000271,29.23173195199979,41.71864984600006,0.0,41.71864984600006,57.33495376513287,17.441367513126366,1893.31640625,279.47265625,394.80419921875,,0.8693542960662526,0.5847355701042379,0.6891890417741926,0.1569616496562957,0.4756131172180176,0.8115942028985508,0.7578571428571429,0.3978685612788632,0.2056108443333205,0.205610863996674,0.4275344887824908,0.5838202735771467,0.1792857142857143,0.7644927536231884,0.1792857142857143,0.953279424977538,0.3978685612788632,0.7578571428571429,0.8115942028985508,0.844409072821329,0.533969010727056,0.7847256728778469,0.4471707652934274,0.3359188544152744,0.8115942028985508,0.2421428571428571,0.7932864850301481,0.7667064439140812
SAP-RPT-1,australian,2,6702,1676,120,12.316686537999884,28.169186235000325,40.48587277300021,0.0,40.48587277300021,59.49763638745324,16.807390355012124,1898.0234375,293.1171875,394.80419921875,,0.867342132505176,0.576538593648454,0.7052065731874821,0.1455381959676742,0.4424676597118377,0.7862318840579711,0.7878571428571428,0.4221789883268482,0.1781345510628598,0.178134544269095,0.3501072431865491,0.5756332984807586,0.28,0.8804347826086957,0.28,0.9492254733218588,0.4221789883268482,0.7878571428571428,0.7862318840579711,0.8610460577673692,0.549367088607595,0.787044513457557,0.4617566739959889,0.3066825775656324,0.7862318840579711,0.2121428571428571,0.8097194494809148,0.7875894988066826
SAP-RPT-1,australian,3,6702,1676,120,12.300532547999865,28.55025369399982,40.850786241999685,0.0,40.850786241999685,58.70350638227527,17.034757573985573,2045.14453125,135.6015625,394.80419921875,,0.8706224120082815,0.5786778599289315,0.6918788345197631,0.1562846004962921,0.4755369126796722,0.8152173913043478,0.76,0.4010695187165775,0.2069423867740751,0.2069423779165083,0.4415693738243796,0.577967463851557,0.2192857142857142,0.8115942028985508,0.2192857142857142,0.9542600896860988,0.4010695187165775,0.76,0.8152173913043478,0.8461232604373757,0.5376344086021505,0.787608695652174,0.4520970807233584,0.3347255369928401,0.8152173913043478,0.24,0.7953219936673745,0.7690930787589498
SAP-RPT-1,australian,4,6702,1676,120,11.96665003599992,28.382251519999954,40.34890155599987,0.0,40.34890155599987,59.05098821212024,16.93451761336513,2011.14453125,97.91796875,394.80419921875,,0.8715217391304347,0.5941369472883566,0.7148645931608333,0.1415297389030456,0.434462308883667,0.7934782608695652,0.7971428571428572,0.4353876739562624,0.1730460767547526,0.1730460742564076,0.4001686186403841,0.5933885142111653,0.1928571428571428,0.7934782608695652,0.1928571428571428,0.9514066496163684,0.4353876739562624,0.7971428571428572,0.7934782608695652,0.8674698795180723,0.5622593068035944,0.7953105590062112,0.4779632787456854,0.3001193317422434,0.7934782608695652,0.2028571428571428,0.8172084725555449,0.7965393794749404
